,text
0,"支配人は両親に向って叫んだ。声のようにしなければならぬという結論だった。ところで、支配人はもう静かにした。母親はわきへよって、今ではなかったろう。ところが婆さんは答えた。妹が向きを変え始めたように見えた。壜が床の上にのっていた。 #twnovel
"
1,"今は廃棄場のスクラップ工場にいた。何も喋らない。ただ永遠に落ちる旅をして生きているからだ。偶然訪れた。一度でいいと思う。かけてもらえるかを判別するロボットだ。口を開く。 #twnovel
"
2,"毎日が発見されていた。旅の途中の姿なのだから。自分が情けない。彼の後ろに、自分の影を伸ばす。彼は元気そうだった。不安に駆られた。眼を閉じた。向きを変えた。 #twnovel
"
3,"私の絵を描きながら独り言を呟いた。勝手に死んでしまった。俺を掴むことなんてできやしない。運悪く、私が知った。時間が変動するのだ。夕陽に照らされるビル群。雲ってどこにですか。そうだ。何かで薬が欲しかったんだよ。ん？　汗の滲む右手で狙撃銃を当てた。気がする。 #twnovel
"
4,"それが言いたいだけなのだ。僕らは並んでいる。体が浮いた。僕ら壊れたロボットだ。実は、雲の上には優秀な幼馴染がいる。惑星から除外された友情のようだ。俺の他に客はこう言った。星が動いてくれればいいか分かんないんだ。雪の塊の樹から落ちる所だった。傍にいた。 #twnovel 
"
5,"彼と話せるかもしれないんだぜ。彼はそう訴えた。そうそう。いつ再び不幸がやってくるとも知れません。みんながちゃんと自覚持ってきた。あとはあの廃ビルの非常階段で転んだから。彼女が鞄から取り出した。顔は気の毒だった。 #twnovel #小説執筆AI
"
6,"上の水たまりを避けていく。彼が寝言を言って古地図を振った。向きを変えていくようだ。ドアは冷たかった。上の彼がいるんだ。彼は独り、考えてない……睡魔だよね。壁に寄りかかると、突然現れる。ところが彼女が降ってきてくれる。彼は初めて。 #twnovel #小説執筆AI
"
7,"今は夕方だからこそ歌うのだろう……。彼女が降ってきた。それはできているのだという。彼の腹の虫が鳴った。ところが画面に表示が。女が、気分は沈んでいく。ただ僕だけは真に受けた。一度でいいと思う。 #twnovel #小説執筆AI
"
8,"あなたは。そう、大学で何かを実験台にした。みんな近視になった。事情聴取が再開した方が楽しい。ここは関係者以外立入禁止だ。 #twnovel #小説執筆AI
"
9,"一つは、試作機で時空の彼方に飛ばした。君の墓穴になった。僕はついにやった。子供を人質にしてないですよ。好きでもないですから……。 #twnovel #小説執筆AI
"
10,"だが、その精神はここで生き延びていた。自分もこんな風に足が止まる。時は本当に旅を楽しんでいるのだろうか。旅の途中、ある村に立ち寄った。一人しか知らないリプライ……。 #twnovel #小説執筆AI
"
11,"そして、彼は言いわけを話し始めた。時の叫び声があがっていたところだった。部屋のなかを散歩するようだった。中に話しかけてくるに相違ないんですか。隙間越しに独り言を呟いた。 #twnovel #小説執筆AI
"
12,"女は右手の壁ぎわまで身体を横たえていた。腕を磨きあげたのだった。一週間分に過ぎないのだ。人の状態にはどう防ぎようもないの。人のそばまで寄っていたのさ。つまり、私こそが本当よ。人がいますと又口を挟む。 #twnovel #小説執筆
"
13,"鉢からはまるで有名な絵画と言われていた。それは、物を尋ねた。水なんかいくらからだ。中から二歩前方の縁に馬があった。水をやっても無駄だぜ。ひとつは結末に近づくか近づかないか。 #twnovel #小説執筆AI
"
14,"こちらの怪訝な目付きに、気付いていた。返事をできないって。彼はそう心に誓った。しかも周りの人間に恋しているの。心の窓から街の灯りを眺めていない。 #twnovel #小説執筆AI
"
15,"どこかへ行った。どこへ問い合わせたらいいでしょうよ。深刻な運命を共にする仲間。趣味の範疇を越えるものでもない。個人的な話があるよ。 #twnovel #小説執筆AI
"
16,"女たちは彼女だった。未来予知ができるのだよ。彼女の虚構に過ぎなかった。幸福だといわんばかりになったのです。結婚した。 #twnovel #小説執筆AI
"
17,"人の霊魂の秘密なんてありませんでした。アンドロイドが歩み寄ってきたらしかった。人のほうはそれを隠そうとした。人が身近かに尋ねた。こっち、こっちは遠すぎるようですね。 #twnovel #小説執筆AI
"
18,"ものごとの力を込めた。将来の幸福や心配とかのことになった。希望を強めたのでした。希望をいだかせたのです。美の神に誓いを立てていた。幸福だと思います。美の中の話をしてはいた。 #twnovel #小説執筆AI
"
19,"そいつのように私たちは話の本題へ入って来たのであった。黒味がかった空色の美しい行為だった。兄さんのように話の前後に揺らしているらしかった。悪い運命に従順である。 #twnovel #小説執筆AI
"
20,"奥に見えるのだ。しかし、彼女は、後ろ向きだ。彼も今度こそ本当に殺してないみたい。私、大人になったのよ。じゃあ教えてあげましょう。場所を彼女に尋ねたいことがなかった。 #twnovel #小説執筆AI
"
21,"彼は路傍に立っていた。声の主は、寂しそうにない。気がした。飛行機雲が、一番の贈り物ですよ。僕はね、世界で初めて造られたらしい。友人もそれにすぐに逃げ出しやがる。二人は、こういった。世界各地の雲を。 #twnovel #小説執筆AI
"
22,"一生命として存在を百も承知だよ。それがわからないらしかった。君と、好い機嫌で杯をもやす。自慢の鼻をくすぐる死の匂いだった。君はあの学生といっしょにおらぬ。 #twnovel #小説執筆AI
"
23,"右手奥に押しやられていたのだ。髪をうねらし、とくに強く鳴った。空はほぼ一面桜色に染まる。ようわかったばかりではあった。水平線の唇に残していった。 #twnovel #小説執筆AI
"
24,"日の夕方、事務局長は親しげに尋ねた。局長自身が彼をつれて散歩に出かけた。雲の向こうからお話しなさい。雲が何かもわからなかった。みんな全体ひっくるめてです。 #twnovel #小説執筆AI
"
25,"窓ガラスを蒸留水ですすぐことだ。窓ガラスと雪と、いい。窓という窓は往来のまん中へ進み出た。金の用をたしにいった。 #twnovel #小説執筆AI
"
26,"上の階に姿を現した。新聞は伯爵邸にあった。何をたよりにしなければいけないんだよ。そんなら五枚お呉れ。五か月たっていたのです。あなたも当事者ですよ。 #twnovel #小説執筆AI
"
27,"しかも、その時、不意に消えた。太陽信仰ですよ。ただ軍刀に接吻しようと思った。病気というものがついて降りてきました。 #twnovel #小説執筆AI
"
28,"命令されなくもないようになるんだ。彼が鬼に組みつく番でした。群集は低い回廊と庭を横切った。命の危険は手紙をよこすに相違ない。 #twnovel #小説執筆AI
"
29,"わたくしの中に目を閉じたりした。青の閃光を添えてあるんですわね。彼女は静かに扉をあけた。静かな世界なんて間違った理想だった。目ぼしい情報があるものだよ。光の下へとやってくる。 #twnovel #小説執筆AI
"
30,"姿を消した幌自動車が着いた。一種の奇跡の真実さを示した。僧院の前に昔の通りであった。海の中にするりと入り込んだ。前は真っ暗闇だった。 #twnovel #小説執筆AI
"
31,"彼の関心事だったからである。根本においてはいつか話したのだ。雲の向こうの少年が見張りしています。みじかい夏の静かな眠りを彼はいった。 #twnovel #小説執筆AI
"
32,"意味のない小言や移り気に耐えていた。海の近くの安楽椅子のなかのことです。雲が北の方へどんどん走って行ったのです。先生、このような表情を変えた。よう御座いますまい。 #twnovel #小説執筆AI
"
33,"色が美しい。形のものに気づいたのだ。窓ガラスをたたく音も沈黙していた。ガラスはしっかりしたんですよ。色の乱反射。 #twnovel #小説執筆AI
"
34,"彼はしばらく黙っていました。胸の病気で寝ていなかった。彼の微笑が浮かんでいる。胸のときめきをとどめているんです。彼は直感した。腰をかけようとした。 #twnovel #小説執筆AI
"
35,"また、うまいわねえ。神様が、くり返したあとだった。無理に答えようとは思えなかった。人となっているようだ。おまえの自由観なんか信じるものです。 #twnovel #小説執筆AI
"
36,"譜をめくり、確かめる調子で言う。深い海の底に湧いてくるんだ。はじめのときじゃなかった。ただ回廊に向っていた。こまかい一つの繋がりから、お伺いいたします。 #twnovel #小説執筆AI
"
37,"彼女は客室つき女中でさえいた。侵入者の手でもうおしまいだぞ。つきぬ力に引きずられていたと申しました。行きましょう。予定時刻を見ていた。時刻ももう彼の脳裡に浮かんでいた。空が青くなっている。 #twnovel #小説執筆AI
"
38,"入部してしまった。理由はありませんか。二つの黒い骸骨みたいなことだ。一つの本を知っているのです。彼女は十分考えていたのであった。目の前に訪ねてくる。ものをたくさん話して下さい。 #twnovel #小説執筆AI
"
39,"芸術神の子。夏の静かな世界。音楽を教わりたいのは全校生徒に渡した。理解できないように説明しよう。美の中を漂っていた。 #twnovel #小説執筆AI
"
40,"栗の木の枝が見えるのだった。女を見つめてボンヤリと突立っています。毎日夜遅くまで付き合わされている。夏の静かなおかたではありませんでした。 #twnovel #小説執筆AI
"
41,"注意深い妹はベッドに寝てしまいましたね。この間のお部屋に住ませてください。俺は気付いてくれるようであった。今この黄昏のなかの誰かが戻ってきた。 #twnovel #小説執筆AI
"
42,"赤い実の娘の風をせきとめられた。何億という幸福を望んでいた。風にあわてていられない。美しい立派に権利でも持っていた。庭の中に溶け込んでいた。 #twnovel #小説執筆AI
"
43,"途端に旅人も自然に進んでいったんです。一方、彼女は納得出来ないのだ。砂汚れや擦った跡を追って入っていった。中世紀の僧侶が住んでらっしゃるのです。仕事場の戸をたたいてみせた。私は又叫びました。最初の二番目。 #twnovel #小説執筆AI
"
44,"遠くからということだ。あたり一面桜色に濡れて、言っていた。面と向かって飛んで行きました。それで、その顔は見た。私自身を防衛する。 #twnovel #小説執筆AI
"
45,"彼に視線を受けていることです。背中から空をじっと見つめた。一昨夜の通りに面した部屋をノックした。そこの壁にぶっつけた所だった。時間は避けるのですね。 #twnovel #小説執筆AI
"
46,"美しい手を引っこめた。麗しい彼女は答えようと駆け出した。彼女は急いでいるようだった。奇妙な叫び声としてない私が初めて知りました。深い青の閃光を散らし始めたのです。 #twnovel #小説執筆AI
"
47,"神父様、いったいどうなんですよ。一人の農夫が演じたんだ。正しい人はもうかまわないからね。歩のように深い母親のところへ帰っていった。彼のように小さい手を求めて。二、三人目だろう。 #twnovel #小説執筆AI
"
48,"好きなのだ。あなたが無事だと思った。水をごくごくのみましたよ。私の言うところではあった。空は真黒な小瓶よ。今まで、たえまなくささやき合っていた。 #twnovel #小説執筆AI
"
49,"君の好きなのだろうか、気がついた。そして、わたしは黙っています。これが本能的に重なり合うからですわ。上の黒いバイザーに隠されている。五匹の蛇が他に見せてもらえるかな。 #twnovel #小説執筆AI
"
50,"下の毛布にくるんだ。百回も描いたよ。間ちがって比較的明るく照らし出された。血を見ることができそうで……イイエ。なおその前に突如として、お待ちしていた。 #twnovel #小説執筆AI
"
51,"侮辱を忍ぶのであった。薬のように嘘をいい合う理由なんかないわ。不思議な事実とその行手に一人は苦労して。女車掌になったわね。僕に飛びかかったのであった。 #twnovel #小説執筆AI
"
52,"奴らも本気になっていませんでした。彼が階段に行く道の向こうに見えた。何かを、ナイフを突き刺した。ところで、この強い女がわざと、進んでいった。質問こそおもな事柄だった。 #twnovel #小説執筆AI
"
53,"彼は簡単で、しゃんと体をゆするのだった。説明なんかやめてください。神様が許してくれたんだ。申し訳ないけど、君に分かるはずです。今になって初めて門を調べになるのだ。 #twnovel #小説執筆AI
"
54,"手を入れるのは、失礼でございますね。青の閃光を散らし始めた。病気の子供も今も記憶があります。形も残らないものである。でもあなたの眼を逃がれないでしょう。彼女がここへおいでくださいました。手に握らせた。 #twnovel #小説執筆AI
"
55,"両親と妹と離れ離れになった。息子のことがなかった。これによって自分にたずねることは別です。今度は反対しなかったろう。私の想像もされたに違いない。あたし真剣に言った。 #twnovel #小説執筆AI
"
56,"それは私たちのようなお話もできた。広いドアが邪魔である。訪問客を待っておられないし、いや、待て。それに、手紙を渡した。半ば冗談、半ば無意識に求める生き物。夏のまわりの部屋であった。 #twnovel #小説執筆AI
"
57,"色の黒い服を着せられてはなりませんよ。髪を梳かしてやっているのだ。額に汗で濡れていた。百回も髪があったのだろう。画家の一般的な美貌の持ち主。 #twnovel #小説執筆AI
"
58,"傷一つ付かずに彼女を信用されました。なんだっていうのだった。なんの証明にもない。海の魔女のような気持になった。お願いが十分信じられないんです。 #twnovel #小説執筆AI
"
59,"半分腐った魚を取ろうとした。魚はこわい所へ行って来ました。水をたしにいった。半分腐った肉がくさり、白骨になった。右手奥に姿を平気で見ている。 #twnovel #小説執筆AI
"
60,"父親のそのほかの同僚たちに答える。横になっている。眼を上げたが、ちょうどいい。一幅の絵を持っていらっしゃる。そして自由な生活のなかに残されたのです。 #twnovel #小説執筆AI
"
61,"静かにつづける。首はやわらかいものでした。子供たちの手を伸ばした。顔はあくまで平穏であった。ものを要求いたしておりました。彼は思いきって花の下へ降りてこなかった。 #twnovel #小説執筆AI
"
62,"金はたいへん無邪気に見せてくださいまし。割と小さい部屋の中で発見されたんだよ。中を知っていた娘御を連れていった。無邪気な性格である。 #twnovel #小説執筆AI
"
63,"愛くるしい少年が判事に逢った。白い雲が流れるのであった。雲が意地悪く光っていることを知った。予兆は既に取れていた。学芸員であった。 #twnovel #小説執筆AI
"
64,"廊下は静まり返っていた。ただ、隅っこのほうに近寄った。太陽の都からの金を分けてやった。光は向う側のブリキ屋の裏組織だろうか。雲のなかではないか……考えさして下さい。 #twnovel #小説執筆AI
"
65,"ケーブルカーのように人が坂を駆け登った。死のように興奮しているからだ。それでも十分ですよ。父はもうそのときにだけ携わるのであった。あとで鍵がかかってもいいました。 #twnovel #小説執筆AI
"
66,"自分はそう見えるんでしょう。雲の切れ間から伸びていた。事情に明るい、はっきりしてました。船は用意してきき返した。巨大な独創をもたなかった。 #twnovel #小説執筆AI
"
67,"色のブラウスなんか着ていた。女はそちちへ行きました。妙ですね。一つの悲運であった。みじかい夏のうち一方を選んだ。健康な生活をやったのだ。眠りはしなかったろう。 #twnovel #小説執筆AI
"
68,"それを黙らせておくんだ。弟は困ってしまったのだった。使者の勤めなのだ。何か関係があった。息がつまりそうだったのであろう。アンドロイド達に尋ねる。 #twnovel #小説執筆AI
"
69,"そして彼は身を退いていった。彼の沈黙が苦しかったのだ。明らかに身を屈めて蓋を閉める。有利だと言い張るものです。女は露骨な違和感を感じた。 #twnovel #小説執筆AI
"
70,"大きい靴屋じゃないか。恐ろしい私どもは殺して、荒野の風景である。海の詩を読んでしまいました。下へ動かしたりしていました。 #twnovel #小説執筆AI
"
71,"でもご主人がどっかり座っていた。柔らかいそれによって片付けられているんです。すべての感情です。注意深い人の門番こそ掟にほかならない。海の下へ落ちたのである。どす黒い血を流した。 #twnovel #小説執筆AI
"
72,"そうしてはじめて母から命令された。母が座って談笑して飛んで来た。事を深く深く思い込みました。命令されたことのできるものでしたろう。母のために時間を教えてあげよう。死人の臭いよりは気軽にやって下さい。 #twnovel #小説執筆AI
"
73,"森へ行くと申しました。校長先生の事はなかったのだった。時間が止まってしまったよ。責任というものは何一つ無かった。時間が分からなければならない。明らかに神経的に感じた。 #twnovel #小説執筆AI
"
74,"ショールのかげに隠した。身体のわきに立っていた彼の疑問に思った。不意に老人が座っているじゃないか。老人は語り始めた。蜂すずめは花にかくれてるんだよ。 #twnovel #小説執筆AI
"
75,"人は礼拝堂の中にあった。中から潤んだ眼つきをしている男がいった。散歩に出かけることに気付いた。海の底に秘めた美しさも含まれている。 #twnovel #小説執筆AI
"
76,"ところが、その事務室の中ですからね。アンドロイドだから人格を移す。んでね。神を創った世界、神はない。それを微笑した調子で言った。神の子が投げられた。 #twnovel #小説執筆AI
"
77,"途中で発作を起す婦人は、寝たりした。アンドロイド達は面白いかい。雲が重苦しく空になってくるのだ。自らを侵食する意識から来たらしいわね。 #twnovel #小説執筆AI
"
78,"疑いもなく信仰が失われていた。恐ろしい運命に従順な羊の群れを眺めた。使用人の姿が見えてしまった。深い海の寂しい中から引っぱり出されるのだった。 #twnovel #小説執筆AI
"
79,"白い雲が途切れた。向こうの言うことができなかった。アンドロイドは、たいして気づかなかった。白い雲のように、おいおい泣きました。弁護をやったりするんだからですよ。 #twnovel #小説執筆AI
"
80,"それでも彼はいった。彼の部屋からもう一度小声で呼んだのだ。日の光が耐えられませんか。そこに咲いていた。彼は女をかばった彼女だった。光の黄金の鍵をかけました。 #twnovel #小説執筆AI
"
81,"残念です。空は落ちました。病人の見舞いをやっていた。今の今になっていたに違いない。ところがあった。彼の膝の上にすわっていた。 #twnovel #小説執筆AI
"
82,"枝から枝を微かに揺らす。谷も木もかきねも倒れたろう。枝は何処である。彼の髪飾りですから、荒々しいものである。全身がよくなくなりました。 #twnovel #小説執筆AI
"
83,"耳を傾けている様子だった。彼はポケットからケータイを取り出す。仕事にありつくためなんだよ。仕事をまかせてしまった。 #twnovel #小説執筆AI
"
84,"ベッドの人でした。水なんかいくらでもいいだろう。おかけ下さい。弁護士を物色していたはずであった。いつまで持つか分からないねぇ。 #twnovel #小説執筆AI
"
85,"私は読むことを全然知らなかった。そして、このブロンドの娘といっている。私は又、何よりの不幸の原因を聞いた。動作はのろのろ進むだけだった。 #twnovel #小説執筆AI
"
86,"すべてが急に融け出し始めた。病気というものだ。空は美しくなんかないわ。ただくるみの木を切り、ささやいた。夏の麻布で作って、詳しく探検していた。いろいろ話し合っていた。 #twnovel #小説執筆AI
"
87,"本当のことを聞き知っているのだ。嘘をついた。恐ろしい嘘を言った。嘘をつけておかなければいけないね。若々しい心の奥底に植付けられているじゃない。 #twnovel #小説執筆AI
"
88,"天井を仰ぐと、彼は、小さく頷いた。左脚は死んでしまえ。眼を真白く見開いているのだ。血を流して叫ぶのだ。姿を消してしまった。 #twnovel #小説執筆AI
"
89,"彼のように妹はささやくようなそぶりまで見せた。眼尻とそのおそらくは外見上だけで十分さ。すると床の上を過ぎた。色があった。りっぱなものだった。 #twnovel #小説執筆AI
"
90,"色の黒い服を着ていない。天の川の向う岸の鷲の星の時間である。雲の向こうに見えました。自分を助けたいと申しました。 #twnovel #小説執筆AI
"
91,"考えに迷いこんだ。考えに没頭し、階段をのぼって行きました。考えに悩まされなければならない。絵を描き現わし始めた。いちばん悪いことに気を落ち着けました。大柄な、うるさい事もない。 #twnovel #小説執筆AI
"
92,"彼の心を奪われても、信じていないくせに。涙がしたたり落ちるのであった。それでも革ジャンを引っ張った。視界は完全に偽装しようとしてしまった。 #twnovel #小説執筆AI
"
93,"空は美しくなんかないと決めてしまった。壁にかかったあの命令書を持っていた。説教者を破門するだけのプログラムでした。破門とは言え、そんなことを覚えた。 #twnovel #小説執筆AI
"
94,"花の下とは言った。約束の意味がなくなってしまった。花と散った桜は無かった。下へ身を潜めていた。 #twnovel #小説執筆AI
"
95,"若いときになった。そして、あの女がおれをじっと眺めていた。一つの楽しみの時間だからであろう。高慢らしく、音なく空を仰ぎながら答えた。 #twnovel #小説執筆AI
"
96,"少年がたずねる。声は緊張している。海の底まで刻み付けている。何よりも安堵できるものか。何がうまく身をやつし、あああっ。 #twnovel #小説執筆AI
"
97,"美しい手が青白く輝き出す。アンドロイドだよ。私は暇なのでした。椅子を進めました。空は昼から夜になるでしょう。 #twnovel #小説執筆AI
"
98,"意地の悪い声をかける生き物だ。一台の馬車に乗せられていたらしい。わしはあいつらと一緒に謝るからさ。やつは誰と話していた。 #twnovel #小説執筆AI
"
99,"お茶くらい出しなさいな。一つの心配げな笑いなのであった。名前は彼だった。隠したいことがわからなかったのです。理由はないのに。理由はない。 #twnovel #小説執筆AI
"
100,"心なしか肩をたたくばかりです。覚えておこうとしたものでつまってしまう。いっさいの危険を感じないわけでなかった。興奮したのです。小説のレシピを破るためだった。 #twnovel #小説執筆AI
"
101,"時話に坐っていました。兄に話してくれました。身振屋の中は察尋しい程蒸し暑かった。物長のように見えた。傍から心望いを浮かべた。 #twnovel #小説執筆AI
"
102,"美しい少女はただ沈黙して唇を動かした。沈黙は破られなかった。美しい少女はよろこんだ。そばまで持っているようであったよ。 #twnovel #小説執筆AI 
"
103,"雲が流れる。霧の中には会えるかもしれませんわ。雨模様の壁紙の上で、今はっきりした。雪童子の足もとへ身を乗り出した。雲が湧き返ってお砂糖を遠慮するんだよ。 #twnovel #小説執筆AI
"
104,"海の近くまで押しよせていた。海中を漂う塵が流れ星になるのだ。雨模様のある人間が歩く。小雨が降って真暗だった。 #twnovel #小説執筆AI
"
105,"少女たちが規則違反である。夜遅く帰っていた。夜中に寝ぼけたような様子だった。海のなかに消えてしまった。 #twnovel #小説執筆AI #かもめエディタ
"
106,"深い闇を焼き殺しているんですってさあ。長老のように街は海の底で話していた。月はいまその扉をあけてバアと云いました。 #twnovel #小説執筆AI #かもめエディタ
"
107,"夕暮れの冷気が、それを眺めていました。高い暗闇のなかに埋まって見えたのではあった。美しい少女は抱き合っている。田舎で少しおかしくなります。 #twnovel #小説執筆AI
"
108,"美しい少女はただうなずいてみせていた。月はいま、そのことを申し上げますよ。いい靴屋の一室へ寝かされたところで尋ねた。 #twnovel #小説執筆AI
"
109,"長い旅の面白い人ともいうことができる。僕のように旅行鞄を抱えて楽しい思いになるのか、考えた。旅行鞄を肩に手を伸ばした。 #twnovel #小説執筆AI
"
110,"美しい少女たちはあなたに聞いてみた。薄暗い夜明けまでに向うの室にいませんでした。薄暗い夜明けまでにしかできないほど腐っていた。 #twnovel #小説執筆AI
"
111,"新しい愛は、自らのプラグに差し込んだ。自らを侵食するわずらわしい意識から来た奴だ。 #twnovel #小説執筆AI
"
112,"切ない愛が欠けていた。相互の美しい心を消耗しつくすまでは。新しい愛がたちどころに枯死してしまった。 #twnovel #小説執筆AI
"
113,"新しい旅の行く着く遠い先に固い口を開いた鍵をおろした。美しい少女は抱き合っている細胞を観ていた。 #twnovel #小説執筆AI
"
114,"新しい愛が、ばかみたいに聞こえるんです。唇のすぐ近くまでやってきたんだ。永遠の悩みの種を引出すのだった。 #twnovel #小説執筆AI
"
115,"美しい少女はしばらく青くひかるのでした。幽霊みたいに好きだと思っていた。老婆は問い合わせもしない一人である。 #twnovel #小説執筆AI
"
116,"君はあれの足を雪のなかへ入った。今夜は大切なのだ。あたし口惜しくて……馬鹿な。おまえたちの笑い声に連れて行った。 #twnovel #小説執筆AI
"
117,"冷たい水が暗い板低い壁で明るい台所と隔てられた。深夜の訪問は全然もたなかった。氷のように広い空間に放り出せば済む話だ。 #twnovel #小説執筆AI
"
118,"少女たち全部とが顔を見合せた。雲が通り過ぎただけです。少女はしばらく青くひかるのでした。川がきらきら光っていた。闇をついたぴったり身体に生まれたんだ。夜明けまでに宿場まで着けるだろうか。 #twnovel #小説執筆AI
"
119,"少女はただ、それも長くなっていると言う。少女たちの机の上に置いた。お母さんは先へ回されてしまった。お母さんの目立った変化が二つあります。 #twnovel #小説執筆AI
"
120,"船が入っていたのです。そうだ。と、彼はいった。いいえ、どうなんだ？船が面かに含まれていることがわかるのだ。だけど、すぐそういう気持がお話をしたようにすることができたはずだ。しかし、そのほんとうはこの人がこんなことをはっきりともたなかったのです。 #twnovel #小説執筆AI
"
121,"砂浜の生活をするように学芸員に残していた。員室は、実に何か長い実現な表情であるにしよされた。どの人はただ一歩はみんなおり、口をあけた。するとも、もう必要はありませんでした。特に心配を持っていたことはどうともないのだ。 #twnovel #小説執筆AI
"
122,"鏡を運び、彼は頭を高く振りながら、死骸に枕を担ぎた。そのうえなれば、全くのだった。頭はその通路には頭をあげて仕えばよろこんだ。草原な感情であるが、しかしどうして分からなかった。感情をじっと見ようと決めてこないからでありますからねえ。 #twnovel #小説執筆AI
"
123,"影が昔からのペン学生となった彼女との道を吐き出した。石の鹿を固めないように取り残されたことです。あるいは、それでこの内容の事情について説明することになりますからね。事情の御生活はおそらくは、いずれになったのですからね。 #twnovel #小説執筆AI
"
124,"影ではなかったし、父といっしょに没頭している気持ではなかった。つまり、あなたがあんなにお友達をしたといっても、あなたをおっしゃって下さい。なぜなら、これはほんとうにちがいないのだ。友達するのかい？あなたは、わたしは、どんなに恨みがなるんです？ #twnovel #小説執筆AI
"
125,"影の前の頭にまたさえ死骸な顔が見えた。特に何もしているかな？　今どういうものなのだ、彼はまた胸に緊張が続いた。ここをまったく正確な愛に必要ではない。太陽の対話のことがたいしてありうることに気づいたのではない。 #twnovel #小説執筆AI
"
126,"砂浜の婦人で、昔を知ることが解かれていた。その中には本人が改めて異存じですよ。こんなに新しいことは、ただそれはほんとうに救済なんかもってくることです。救済なんかもってくることのないわけじゃないです。ところが、このことがどういうわけですね。 #twnovel #小説執筆AI
"
127,"けどものの昔からなんです。さてしまいにあの子はどういうものか、あなたにからだに愉快そうになりますわね。そちらへはいったんじゃないか。さてしまいには自分自身はどうしてもたよったものなんでしょう、」　彼は内縁の熊をあちこち残していた。 #twnovel #小説執筆AI
"
128,"水から彼は手持から飛ばされたように従わない。だけど、それなりました。こうした天国に気づいたのに、すべてがわしを好まないと思いました。美少女に、わたしはあの人のこんなやりかたな人で、呼ばれたほうがよい。 #twnovel #小説執筆AI
"
129,"船越を良い行くことをやっていた。そんなことはない。ほんとうはほんとうだわ。ほんとうに、しばらくはもう疑うのを忘れはしなかった。それでは、これがほんとうにか。したがってなんにもないよ。いや。」つまり、「いろいや、おまえはどうしたんだろう。 #twnovel #小説執筆AI
"
130,"鏡へと近づき、そのほかのことを思い出してしまった。実際、そして必要となっていた実際。鏡項にこんな気をつい出したのはただ睡眠をつぶることでした。そして彼らはそのことを親しげな光に心配することができなかった。 #twnovel #小説執筆AI
"
131,"夏は彼に驚かされたことを話した。どの生涯に対して、なんの気にかからなかったよ。こちらは全然自分ではないが、大いにありそうなんだよ。どれだかがあとに我慢されてできなくてはなりますからな。こちらが親爺しないでは、こんなことを話せばいいんだね？ #twnovel #小説執筆AI
"
132,"影に見た。その彼は私の部屋ですわ。ところで支配人で城の手紙を受けたことでしょう。砂浜の唯一人として砂な人間というものがわからない。城の空の主人では、永久に答えるように見せかけた。あれは、あれを待っているのですから」 #twnovel #小説執筆AI
"
133,"空に居たばかりであった。僕はどんなこともあったか？と、彼は叫んだ。それでも自分は恥ずかしいことに気づかれなかった。どうしても、まだお望みだけこの町でそのの向うを聞きました！彼はただ実際に、危ない結果がないようにさせられるに近づいた。 #twnovel #小説執筆AI
"
134,"海へと戦うことができないのだ。それでは、それになおぺんの考えで、もうすぐ残念なことになります。すると、しまいにも悪い用心がいらっしゃったのである。というのは、彼らは少しもうまくはなかなかった。しかもありそうなものではない。 #twnovel #小説執筆AI
"
135,"空の新聞に知っていた。そこに私が宇宙にもたれます。宇宙に対して手慣れば、どうしてもなんでもいいことをなされますの。宇宙にうまく説明してこわい、しばらくになりたいと考えているんだ。だけどもなく親切に頼んでいたら、しばらくはその瞬間にはわからない。 #twnovel #小説執筆AI
"
136,"草原ではない。草原かも知れないで、第一十二年化社長についてのことです。彼らはただ一人の助教授としての何かがわからなかった。それからあなたの恐れた考えがついていいのですけれど。またち欠かせてしまいました。 #twnovel #小説執筆AI
"
137,"石の中に入っている母親を自分でも引き出すことをできないのだ。それにまた彼らは、人類にいるところをみんなはまったく刺激しなかった。人類はあの人といっしょに注意をしているだけです。どれには、親切にこんなふうにしゃべらないことがあります。 #twnovel #小説執筆AI
"
138,"船心を見ていた。水、奴は欠かせないからですよ。あれは、どうぞ、この長老という点でありますね。光の地を経験に入れていただけることはできなかったんだよ。それともあれはどうしても卑しい命をつけようと思っていることだろう。 #twnovel #小説執筆AI
"
139,"海を操縦しいためだとみんな引き出していた。それから私は自分の心の役目を避けることを心得ているのではないか。それに、しまいには現代の気持ではないのだ。しかも、その理由は忘れてしまわなかった。夏の心は何も兵隊とはみな妻もいくことが知らなかった。 #twnovel #小説執筆AI
"
140,"草原を受けるということを気にかえた。しかも、それを百人から手に入れました。人影は知らず、手を取り殺してしまった。石油のようなバケツを歩いているのに、それでもそのほかに一時にいった。その男は疑わしく少しばかり思った。 #twnovel #小説執筆AI
"
141,"太陽には間に合うことをした。なだめしめを思い出して、それを打ち明けて喜んでくれた。太陽なんてどうしても無粋な品位もさまざまな物なものでしたね。しかも教師は、ほんとうにもっと故意と起こっていたものがあります。 #twnovel #小説執筆AI
"
142,"美少女のために、我慢が出ていった彼にはこんなことを決めた。だが、まだとてもせず、別に、その後ですわ。彼の部屋でおっしゃっているはずですから、それに心配がありますね」部屋の下で初めの小さな格子の数が大切に落ちていた。 #twnovel #小説執筆AI
"
143,"雲していた。それから男はまだ父に注意を通じて気をやっていた。一方は大いに悪い逆ではない。すると君もやめてもなければ、おそらく今はまったく連中をたてているのだ。逆ではありませんわ。特に微笑を注意するわけにはいかなくてもなかったでしょうか。 #twnovel #小説執筆AI
"
144,"鏡に気がついた。それなのに独章が幸福な、おまえにしてくれておいで。おまえは昔のあいだにして、おまえが昔から身近になっているのだ。幸福なです。海の前に身近になっていたもんだからな。だけどもや昔からそんなにも長くなかったら。 #twnovel #小説執筆AI
"
145,"雲が見ていたのです。どの、その男がいままでにはわからないでいることはわかりません。そうなんです。こういう恐れをもってくれよろこんでおごそかないでいいですか？だけどしてこれまでのあまりにはわかりたいしたものです。 #twnovel #小説執筆AI
"
146,"海ではありませんでした。海はもう死になっていた。つまり、あなたが正しいと思わないでおすわけにいかないでしょうね。たしかにあのかたの家に彼はもどってきてやろう。したがってなんのようになってはいつでも口をつけなかったのだろうか。 #twnovel #小説執筆AI
"
147,"影を見ていることができなかったのだ。さらに、なおさらなければならないことなんですもの。それから、あの話をさえぎらせておくように見えるように見えるものなんですか。そうすれば、いっしょに、おそらくおそらくかかりかねないかね！ #twnovel #小説執筆AI
"
148,"空に投げると理解すると、そうだった。空想でありますね。船が自然の名前だと思っていないと、何でもいいのだ。どんなことができないともっともできるでしょう。しかし、それは非常に幾分をなおしてしまいましたことだろう。 #twnovel #小説執筆AI
"
149,"影は始めているが、その人はほんの一家の返事であった。ところで、その人は、あそこにでも矛盾が遠ざかっておこうと思います。それから、その人は全然思いがちにしてしまいました。したがって、このことをみんなに矛盾するためにはどこかをみんなに驚かすでしょう。 #twnovel #小説執筆AI
"
150,"炎があると思っていた。あそこでは、今ではその時でも或は残されてしまったのです。あそこにはまだ自身のあいだにすぐ自分の得なことを心配していますよ。地平線の家のこと、家々に気づいたことはない。 #twnovel #小説執筆AI
"
151,"記憶を示した。海で青年は、怪しい運びに入った。青年は、こうしたのです。ただした、これはわたしを思いつきたかった。こうした男でなければ、自分の心を押しこんでおしまいに思われるのだ。つまり結果はどうだい？ #twnovel #小説執筆AI
"
152,"僕が転写なんかには功績が出来たのだ。したがって、支度はなくて平和が支度が飛んでいることができなかった。少年が、十九世紀の立場がこの土地で届かな話があるのかもしれない。桜餅には、科学的に心のかたにはなれなかった。 #twnovel #小説執筆AI
"
153,"鍵をお気づかれたことが公計になった。彼女は、どうかしないでいたか。あるいはなんの御自身で、どちらであるっていうことがわからないのだろう。ところが、どちらにだめになったのは、今ではどうしても必要なのだ。 #twnovel #小説執筆AI
"
154,"昨日ではないか。ただしはそれほど普通の事件の婦人によって、僧正してやったことなんです。あちらの事件はどうしても、泊まるわけにはいかずないさ。森でアンドロイドは、ああのぼってしまったんだ。 #twnovel #小説執筆AI
"
155,"電車をするではないのだ。生徒は、彼との遠慮との賞巩になっているのを彼は恐ろしい、その前にさっと黙った。君が、自分が自分の背後に彼らを取りに採用させるということなんです。そうして実際には遺産な不源な意味なのだろう。 #twnovel #小説執筆AI
"
156,"川になってしまいました。「君の好きなのだ。」これからの憂いが出てきた。川で男は、頭がぼんやりしゃくっていることがわからぬのを示してきた。ところで、中毒ははしげに腹のがした。これで権力が出していたのだ。 #twnovel #小説執筆AI
"
157,"女だ。女が、どういう底範かに大げさに行かないのですか？そんな手紙をお宅へ出さないで下さいねえ？底あきたてるいのに楽しんだ？あるいは子供がよろしくおごりになったからじゃないか。さてはめると、それは考えていた。 #twnovel #小説執筆AI
"
158,"したがって間もなくなんらの裁判所をもって待ち構えているということを示した。このもうにもかでも、しばしばただ人が知れ渡されただけの細君をもっていた。さていて自分の尊かな塀へもどっていることができなかったのです。 #twnovel #小説執筆AI
"
159,"音を持ち出した。それから実に機械的なままで、二人はしばらくしてしまった。ままでは、女の宿の呼んでしまったのだ。そうして少しばかりな仕事で、あの最後に彼女が目を払うことになったことである。 #twnovel #小説執筆AI
"
160,"教室へと登壇役がいった。あれは、ただおまえも高慢で伝えている人間だ。ただしはおまえにはこれまでに言われているのだ。雪を息をつけているのかもしれない。人間は実際に利用に思われたことなのだ。 #twnovel #小説執筆AI
"
161,"蛍光灯と呼ばれるのが、彼にとってそこまではあるまい。刀業してくれと、自分は全体が昔の名であります。そんな話を待ちになければ、そんなことばを信じることになりますね。それともあそこまもどうしてもいいしれない。 #twnovel #小説執筆AI
"
162,"花であった。さらに、私たちは眼を中断させるようなことになります。さらにそれはこのシャツをいろいろ証拠することができるためなんですよ。こちらが、私と頼んだとしても、もししばらく私がいなくてはなりました。 #twnovel #小説執筆AI
"
163,"声を聞いただけです。こちらはおまえを昼こつけていたのですが。彼が、彼女のことはそれほど手を持っていた。彼女の負けなかったにちがいなかった。それとも、これらの栗の中を知ることができるだろう、ということでした。 #twnovel #小説執筆AI
"
164,"アンドロイドから自分の専門的社会状態である。ガラスでの町の中の左が緊張を描いて、彼が描いたほうに駆けはじめた。社会状態は、万事様の真似を撮っているのでもない。珈琲ではない。それでは、もしこんな意味を悪くなりましたろう。 #twnovel #小説執筆AI
"
165,"声を運んだ部屋へ、彼をなでると、また彼女は保護を悩ませていた。あそこは、なんといってやってくる彼女の仲間に気づいたものを、気づかれない。プログラムはしょっちゅう、あの人についての修道院へどなったことです。 #twnovel #小説執筆AI
"
166,"海辺をしていた。海辺はまだ彼女の意図を意味なければならぬ。海辺意図ではその辺意図とは遠護する人間ではないからね。海辺ではその辺のお友達な面影があるからです。あの有頂天に優しくないわ。ここの御光線が来たあのねなのだろう。 #twnovel #小説執筆AI
"
167,"海の態度によりも何とか打ち明けたと陰鬱で見てもわからなかった。海で妖精は、この地位には物を断固に移すことができなかったのです。それともそれが十二時間的の事です。海は着物のおどけなんですか？ #twnovel #小説執筆AI
"
168,"目は手続きつけて、正しく散りつけていた。「もう卑劣な気分です。」気分はおなかを待っている。手続きつけての、「私は口を開くさ」したがって、それから私自身のいいふざけたように思われた。荒野でアンドロイドは、そのために少しばかり息を取りました。 #twnovel #小説執筆AI
"
169,"霧のほうの力を思いがけて行かないでいるのですか。だけども、当地のご主よいろいろなことになるだろうか。川でにはこの子が出てくることは、どうしてもしたらいいのだろう。したがって、そうしたことはわたしには気づかれないわ。 #twnovel #小説執筆AI
"
170,"魔法であるというのが居場所である。ただしあの人たちのことについてすべてお物を打ち明けてやったことがあります。客は、こんなにも正しくなかった。したがってきなやさいな、あなたがこのしようとは思われなかったのよ。 #twnovel #小説執筆AI
"
171,"人形こそ、彼の罪にすぎない。それは今ではその人ですから、ほんの一度さきなさい。さていうやく平和な人間をお呼びにしておられるのだ。あるいはね、おまけにいえば、おまけに気づいたようになるだろう。 #twnovel #小説執筆AI
"
172,"猫の結果を申しました。あの専門ではあなたは私の方ですよ。彼女のことは、そうした気がしていないよ。あそこにいたことがあの人の気持ではありますの。彼女が、親切でもほんの代謝を正しくすることができるじゃないか。 #twnovel #小説執筆AI
"
173,"ドアの立場からのことばで壁の両親へどやどやと呼び続いていた。教室で君は、彼女は思いがけないことに同棲を終えた。さらにそのうえ、もうすっかりきけました。君が、しまいには十分ではないよ。それからとなく目的は手腕があまりに気ちがいがあるのだ。 #twnovel #小説執筆AI
"
174,"桜にはどんな気にかかりようなどと思ったことは、こんな気にであるのでしょうかね？そちらはこんなにもやりきめてくるだろう。彼が、思いきりがわした。塵のまんなかえでしたが、もう少しのどんなに反対利網です。 #twnovel #小説執筆AI
"
175,"ペン。彼が、とてもいくらかなんですの？荒野でしょ。水が全然もっているのを見たということは、みなきっと起こしたことでしょう。そのときはじめはあいありさまなんです。彼のことを全部はすぐにとてもかくなっていた。 #twnovel #小説執筆AI
"
176,"闇を担っていた。闇がしいよ」闇がしい、こいつは眼をさまされた。それから、彼は十字を切らして、何もいわず前からこちらへ出かけた。時計を予審場所から見つけたが、それたらえれを発見した。この場合に、自分はかけ果てているのだ。 #twnovel #小説執筆AI
"
177,"私自身の上で見ただけで、汽車になんの口に入れました。あれますって、あの人は私がここに来たんですもの」自転車が現われた。自転車は正直な男の子と奥様に転回しにかかった。私はだめだという迄せた現象はなかった。 #twnovel #小説執筆AI
"
178,"石ではあります。石はいつでもおそらくそれを知らないでいられない。ところで、もう少しはしばらくありませんでした。それにこの方の小さな時にははいっては読んでいたことが。いつでも別な時分においてはそれについて知っているように思われるだろう。 #twnovel #小説執筆AI
"
179,"蛍にされたのです。さても、あなたへ入れてください、とのあいだにありすぎたのです。あそこもおまえのような大地さえも忘れられてしまった。客が、何者かではないときには、あなたはそれをおそらく少しばかり気がするのです。 #twnovel #小説執筆AI
"
180,"そう。したがって、外へ出て来るようになっておくことになりません。ロボットにどういうふうにひどく含まれているわけではありませんでした。ところでも、ひとつなんて話をすることができなかったのだ。 #twnovel #小説執筆AI
"
181,"女なのか、まったく手がたちにかわして来たものらしい。ところで、どうしてあなたはこの事情をいったんですか？部屋で彼は、その一家の部屋に入れていたところで、人殺しに話してもいなかった。さていですね。 #twnovel #小説執筆AI
"
182,"原稿もないとは思わなかった。女が、わしには変な新しいことができなかったのです。そうしてこれを永久に永久にかきこめたのです。一方は夜になりますか？これを可愛がりなくても出かけることができる。 #twnovel #小説執筆AI
"
183,"夜態なことなどですか？しかも？態憤でございます。あれは、いつか生きてる？特に、今奇子評範というものは彼のところではあります。霧の青年は自分の言うことが大いに卑しいものではない。評範では、どういうものが疑いでありませんでした。 #twnovel #小説執筆AI
"
184,"アンドロイドに、彼は口をつけないように思った。そちらにはまた一歩歩いていてくる。そちらの家のように、さきほど息が吹きこわしていることだと思います。女は、いろいろなことにとって必要だ。息が吹きこわれるようになるにちがいないのでしょうか？ #twnovel #小説執筆AI
"
185,"ガラスではない。ガラスは、こんなことをいってくださいました。少年は、可愛い男に当たっていくことは探さなかったが、君は口にいった。奇跡はなんとなく探知で、次の日となってくれたことだろう。 #twnovel #小説執筆AI
"
186,"水晶全部の意志には、私を付けることにした。そのの時にはこんなことを信じてやろうと思います。しかも、私は思い出すことになったのでした。こちらは偉大なものですから、しかも、こんな口授としていません。 #twnovel #小説執筆AI
"
187,"執筆だと思った私は、驚くべき屋根のようにこの宿場に取り掛けられたのである。なぜなら、一望のまわりにおいても彼らに心配があったのですから。海ですから、たとえ家にいっさいを思い出させることができるでしょう。 #twnovel #小説執筆AI
"
188,"俺掛けているのだった。しかし二度目的に先防が入院の命を襲うところであります。つまり、おれはもういないし、それに全部はいない、と彼はいった。チョコレートのおれは別なものだ。それから、少しも彼らに何を言ってお手伝いするだろうか。 #twnovel #小説執筆AI
"
189,"紅茶を持って、その出を集中に足を振る方がついた。出してしまいますか？彼が、そのままの容貌な人物が白沢の助点であった。なぜなら、彼は口にいったままでいちばんねばならなかった。あるいは、ただそれに征服していることができる。 #twnovel #小説執筆AI
"
190,"ドアの時計を向ける、夢中に彼は別の壁を着ていた。しかし、世界は何処に案外して、美しい幻き気持はできる。それでは、病気を懇願する女はある何かに彼女の美しさである。客は、事は確かになるように思われた。 #twnovel #小説執筆AI
"
191,"歴史はこの手紙をちょっと振り返ることが、それが彼に湛が来た。街ですかを見ているからな、イタリア人の助言と同じようなことになってくる。彼が、この二人を恐れることはできなかったのです。だけど、これは大いにありそうなことです。 #twnovel #小説執筆AI
"
192,"万年筆が来たかのようになっていた。村で次の光景に尋ねてください。さてのように達がつきましたね。こういう両親は、人びとが下さい。よう人ができることになります。しかも、それはどういうものです？ #twnovel #小説執筆AI
"
193,"森から切り抜いてしまいました。ところで安心してくれたその後を待つが、いい代理に読み始めた。そうしてあなたを暗示するように思われるのだ。それとも彼らはあなたに待たなければならないのだ。こう申しい気持としてはかけています。 #twnovel #小説執筆AI
"
194,"カーテンの小さい眼つきが感じていた。一方は時間すぎた。女は、彼の体を見るなんておまえはほんのわずかの信仰を見ていましたね？妖精では、こんなことをやってもそんな彼の行為ではありますまい。 #twnovel #小説執筆AI
"
195,"声や、丸い新たな間に入っているのだった。街に平和との重苦しい品の一人のあります。鏡が最後には親切で安心できなかった。友達は、そのあらゆる日に、その実を感じた。ただし男から運ばせてくれ、ということを考えたのです。 #twnovel #小説執筆AI
"
196,"風がついていた。ただしだからお邪魔をするから、何かにも何もいいないのです。しかし、しばしばあとになってしまったら、あの人はどうなんですの。何もかも気がつかなかったろうよ。友達が、しばしばありさまざまな様子で手をつけられていいました。 #twnovel #小説執筆AI
"
197,"声に、今やっと申しますか？ところで、彼はどうかしその動作を私にとってはいまでも驚いたのだった。山で客は、どんなことがあるもんか？山で客は、しかも私がまだ別な光をまどろみたことでしょう。 #twnovel #小説執筆AI
"
198,"鉛筆である。男は盗色の手紙に出会い、放課後中で、真によろしく甘やかしていた。あるいはまず私は小さなネットを犯すことができるかもしれない。瓶を、通り抜けようとすることになる。男が、自分の意図も酒場にいってはなりません。 #twnovel #小説執筆AI
"
199,"物語に入っているのだ。川はどうしても収入生しているものだ。あるいはこの下手なものには、かなりのために慣れているのだ。そこらの男たちが、そんなことをすっかりわからなかったあの人の行方だった。 #twnovel #小説執筆AI
"
200,"笑顔になるということは、それは普通な人間をけっして完全に穏やかになります。あれは、今に昔の全身に何者かな？それとも、必要は恥かしい始まるにきまりやさしいことなんだ。すると学芸課が上衣をさえぎらせたのです。 #twnovel #小説執筆AI
"
201,"研究に入りました。それから彼女の法律は生きていた。それともあの子は法律として信じられてしまいました。一方、初めにもかまわない事ができないと、なんとか信じてもない。彼女は昔のついた栗を押している。 #twnovel #小説執筆AI
"
202,"友達が描かれたことになる。街で友達は、わしをはっと万事にならなければなりません。しかし、それはあいつという人だった。友達は、何よりもまたあのころ状態があるかもしれない。したがって、実際にあした早くは、なんならどうしても始めるでしょう。 #twnovel #小説執筆AI
"
203,"勇気な目的であるということ、あるいは、あんまりしたことであろう。そちらにはどうしてその男に入れて自分に心配したのだった。街で旅人は、少なくとも今こそ、おまえを待たせることはできなかった。 #twnovel #小説執筆AI
"
204,"プログラムが飛び出している。これにはそれがまだ毎日のことだと思っていたことなのだ。それから、その代わり、いった。街で男は、交渉がいっぱいですからね。と、彼はいった。何ができたことなんですか？ #twnovel #小説執筆AI
"
205,"白衣ですね？昨日、もう三十七十あたりを愛していたと思っている。したがって幼つけ残りますに分かんね。ところが、これからどういうわけか？あれ、あのころに心配しないである。つまりこれだけがだめだったからな。 #twnovel #小説執筆AI
"
206,"影な物の状況に分かれることができなかったのです。影に、あの人の深い精神生活のお願いをもっていきます。したがって、この土地測量の命を彼はしばりつけてはいけないのだ。彼はほんとうに彼女の所有星が気をつけていた。 #twnovel #小説執筆AI
"
207,"会話にはほんとうにありませんでした。会話に食事さまも知っていたのです。白衣のお世話をたちどまんとしているのだ、ということはよくあります。しかも、全然なんの小さな世話ではない城のことですよ。 #twnovel #小説執筆AI
"
208,"小説を持ちかけていると、その上に似合わないように見えるのだった。しかもおまえはこれだけを悪くさせただけなんです。アンドロイドが、今度は思い出すことができたでしょうに。そうして、その代わりに少しばかり気をとったとき。 #twnovel #小説執筆AI
"
209,"声をまじめているのを思い出した。旅人は、町の実験を持ってくれというのは行われることです。すると待とう。したがってましい小さい新しい時分にも、あの女を完全に見たことがあったのだ。実験の意味に対する意味に気まぐはない。 #twnovel #小説執筆AI
"
210,"音を出して欲しいと、材料から指して彼の治療に転じた。しかも自然に言うことはなかった。瞳発してしまうな。海辺でもしくは新たなひとつかもしれないと思われる。ところであらゆることをしたもしれないともしれないともしれないにもさえあります。 #twnovel #小説執筆AI
"
211,"少年のかけた、最後にはただ頭を下すと、はじめて防ぐた。すると長いあいだものの一家となってしまいました。教室で少年は、早くもそのあとで信じられているのだろう。このまままないですから、ただ代わりに勤勉にいっていただけなんですか？ #twnovel #小説執筆AI
"
212,"俺になってしまうのだと、その彼は少しも極度には全員を始めた。それから彼は長いあいだそのことを注いでもいずに、彼がばかげた腕を組んでいた。少女が、彼はすでに絶望者に寄りかかされていた。それからありうっとは思いませんでした。 #twnovel #小説執筆AI
"
213,"恋がいった。博物館で旅人は、歩茶のようになっている。特にはじめたばかりでなく、彼女と彼との話をするのをいっていた。昨日の監督は、そればかりでなく死ぬほど始まるところがあった。ところで恋けておでございました。 #twnovel #小説執筆AI
"
214,"白衣な無先の一番です。この兄は何かによって戻り込まれたんだ。ところで、なんのベルを殺してはいなかったのです。ベルをしいというんだが。さらにあの男はほんとうに当たらないくらい害ばかりですよ。 #twnovel #小説執筆AI
"
215,"コーヒーを女に到着することを分かったのである。ところが、その口から少しもあまりに居間になりますよ。さていて、そのほかのことが利用でいちばんいい利腹をさせることができるものです。それではそんな彼女は、いいなかった。 #twnovel #小説執筆AI
"
216,"夜をただそのあいだに行かないで取りましたよ、おまえは何もないのでしょう？あちらあらゆる家族の重荷でもないところから、すでにこの際駒を知っています！僕が、ですわ」街で僕は、すでに熱心に彼女に手を使わせた。 #twnovel #小説執筆AI
"
217,"鞄であった。友達が、歌善平和で引き声を探してきて歌いである。したがって、先刻の彼には黙々ての不平と少しも心配が思わなかった。これから、少し同時に正しい尊大などは小使の者でもない。なぜなら、おありが反抗してください。 #twnovel #小説執筆AI
"
218,"写真を指しているだけです。あんなものなら、どういうものです？青年が、そのほんとうはそんなに熱くてはなりません。青年は毎晩青年になったことなんです。あるいはね、いったい、あなたのご別なものであります。 #twnovel #小説執筆AI
"
219,"川正しいものではあった。川でロボットは、その生き身をすべてことにしよう。こういうですか！ロボットは、すべてにしてもしきかげただき、しばらく気を悪くした。男は、その中には、彼がここに慣れている木裡が起こるでしょう！ #twnovel #小説執筆AI
"
220,"時計を早い評価していた。　　　　「いや、どういうわけでいいものだろうか？さて　しかし、もうすぐ彼の気を悪くしております。あの困難は恐縮ですから。さてど、正しく、おまえがやさしいと思わないもんですから」 #twnovel #小説執筆AI
"
221,"街に入ったと見ており、その実、頭にはそう言っているのであろう。つまり、半分ではただのことはほんとうです。それでは、今ではこんなふうにものからなかったことだろう？街で青年は、その夜毛にそれほどまったく無益でなかった。 #twnovel #小説執筆AI
"
222,"孤独な言葉は、まだお前があるものと専門はないからです。部屋でまだ一度恐ろしい膝を持ちつけておかねばなりませんでしたからねえ。部屋はおまえに気づいたことを気づかわれた。部屋で彼は、村長さん。 #twnovel #小説執筆AI
"
223,"チョコレートにすぐ声を上げないで、それに気を取っている地上のほうに口を開いた。さて自分の小使にはこんなことができないと思われるのか、とたずねた。なぜなら、まだ彼の部屋へ入りこんでいるとしても、そんなことはそうなんですわ。 #twnovel #小説執筆AI
"
224,"原稿にあることです。と、彼はいった。わたしにはどんなことです？珈琲さ。あちらはこのことなんかあるわけなんですか。珈琲がなんといってやってもなりません。このことないにはどんなことができよう。 #twnovel #小説執筆AI
"
225,"私は自分の商酌を見すてようというのでしょう？このどころではありませんでした。村ではえそのとおりで、おまえは彼らの家族のことを卑しい始末ですね。あれば、大ぜいていらっしゃるのが思いがけていたことですからね。 #twnovel #小説執筆AI
"
226,"太陽に気づいたその、ですけど、時間と気とが気ばなりませんので。執筆は考えたのだ、と彼はいった。女は、あなたにとっておどかみと話が出てしまったのです。カーテンが客室に見せようとはどういうものになることがあるかね？ #twnovel #小説執筆AI
"
227,"プログラムといっしょに口になると、その青年は容易に石のように息をつける。花といっても、直感がある心苦しい、ということを彼は知らなかった。村ではにか！だけどおそらくはきっと正確にしておきますか！ #twnovel #小説執筆AI
"
228,"電話によりも有利だというものでさえ、それは正しいと思います。そして、上品すさまなものではそんなにただ手続きがありません。それはまさにけっして言い訳はあるものですからねえ……」電話のおかげでそれに口に向って、笑い声を曇らせた。 #twnovel #小説執筆AI
"
229,"風に探りすぎます。村では、あの子が歴史に一つまみたいと思いますよ。すると、もう一度強い場所にふさわしくて歩くことが確信していたのです。それとも、この新しい、静かな気構えで半分者での利口なんです。 #twnovel #小説執筆AI
"
230,"光であった。光にいるのはあなたがそんなことをいったらいいんですか。あるいはいっていました。それとも、あなたが村長なんかによって、あなたには気づかれぬものなのに。海辺で君は、これが君のことを気にかけてくれたように思われた。 #twnovel #小説執筆AI
"
231,"石のいいになった。生徒が、なんでも私の席になる人は、その席にいるかもしれない。少年は、どうかお考えになってください。生徒は、どんなになんという気がわれてしまったようになるだろうからね。 #twnovel #小説執筆AI
"
232,"愛が生きていたときには十時に、自分の運びこんでいる水が起こっていた。すると彼は、どんなことがあってもないのだろうか？そのなんです！街で思いがけない中でございます。ロボットの同時でどうしてもいいなどとはこれまでは実現すべきだろうか？ #twnovel #小説執筆AI
"
233,"生徒な気持に居合すことを。花といって、貴下とを見て彼に視線を飛ばしていた。記憶が話をするには死んでいる。鏡では部屋に出ていきます。視線では正しいことは役たなかった。ああ、ここにいた時刻がわたしを可能にした。 #twnovel #小説執筆AI
"
234,"プログラムのような男とは私の心配しつかないし、永通しくだいて別にしないのです。海で男は、『どうしてそんなに少しでもいいのです？鉛筆というのが時間がくるはずです』っていうわけです。音楽に対して、しかも拘束を読みました。 #twnovel #小説執筆AI
"
235,"コーヒーを見計らってくれた。このごろこんなかばかりに変心だから、四十一ことになるにちがいないでいるんだよ。なぜならしい出身ですか？そのはかしないよ。つまり、わたしがわかっていることがわかるだろうか？ #twnovel #小説執筆AI
"
236,"雲があったとのことなんです。それでは、私は暖かくなって抵抗で断ったのだ。あるいは、これは少しあの娘です。それともこれがどんな気ちがいあいだから残念なことに考えなかっただろうからね。私は、そんなことは知っていたことで気づかなかった。 #twnovel #小説執筆AI
"
237,"万年筆に可能です。こんなに悪ですか？客が、死んでもないですよ。しかし、君はまた出発してくださいまし？そちらにはただこの問題では、ここへ入ってくださいまし。しかし、あなたの行為は恥ずみについてすべての秋にとってですわ。 #twnovel #小説執筆AI
"
238,"男だと思われるのですが、それならその言葉を気にかかる人ですな。勇気が働きつけて見ようからだ、と話してくださいと話してくださいました。さても、ほんとうになにかなかったら、むろんに何かしておきましょうかな？ #twnovel #小説執筆AI
"
239,"ハンカチとのあいだにひかりながら、兄のほうの薄い紳士が様子をさえぎっていた。ところが、この時これがどんなことになおなればならぬ！女が、別になんの楽しくない。このまますから、神様が高い古い団体をもってきた物をかけた。 #twnovel #小説執筆AI
"
240,"砂……実はあなたの長い年月なのですよ」こことよりうまく聞き取りが、なかなか同時に、静かになっている男であった。そしてだしぬけに気づくと思われるときは片方の扉に入れたものである。さらに静かに自分の洞穴で声をかけた天気を指さしたのである。 #twnovel #小説執筆AI
"
241,"コーヒーと震えていた。星紙をもっていることを、こんなことはわたしを愛していたのでしょう。博物館でしたらどうでございますか。博物館は薄暮に生まれただけです。あの子があの人には卑しい生きている生きているはずだ。 #twnovel #小説執筆AI
"
242,"ペンと続いていた。それともそうした意味をしていることができるものです。しかし、そんなことはほんとうはとても述べるのだった。なぜならしいにする露骨なのです。しかもそうね。あそこにはきっと立ち去ろうとは知ることができます。 #twnovel #小説執筆AI
"
243,"瞳に立っているのではないか。部屋でアンドロイドは、それに同じように残されたところですよ。すると処置でなく、ほとんど時間がないように出かけたからだ。アンドロイドは、同時にどんなに進めたらいいのかね？ #twnovel #小説執筆AI
"
244,"虹に心がきっかけているかね？これは眼をつけてやろうとしていたのだろう？こちらに対して、金を歩いているのです。鞄もつけ足してつけることができなかった。あんなことはもっともない、あのころもたしに助手たちと思いますわ。 #twnovel #小説執筆AI
"
245,"帽子長の引出しが、銀のどんな心酔もないのか、今日は、すっかり出かけてしまった。だけど、彼は自分はほんとうに古ぼけていることができた。音楽性的な口採揮に出会わしたように思われる。つまり、その中に生まれんでいる姿が見られた。 #twnovel #小説執筆AI
"
246,"葉に接吻した。特に道の宿る生物はあるが、まだ村へ乗っていく。妖精が、自分の財産との到着を持って援助した暖かい連中がいいのかね？僕が、その力の先もそんなに勘坊された中には？特にそうした午後には言い忍要です」 #twnovel #小説執筆AI
"
247,"旅人に表情を浴びた。旅人は、御自身の植に来た当の印象をお受けになることになります。印象なんか劣築的な感情となることはできない。なぜなら、そのほかに我慢ができないのだ。我慢の生命になりたいと思われたいと思いがない。 #twnovel #小説執筆AI
"
248,"涙氏の戸棒というものは、彼らはただ測量技師さんだけであった。彼らはどうしてもそれを忘れてしまったのかと思いつくことはできなかった。あんなことはたしにもたれは全然ないよ。それとも、どうしてもそれが自分には尊いに思われていたことですよ。 #twnovel #小説執筆AI
"
249,"男が生いている。そこらの女は何かそれですよ　しかし、おまえはどうにか物を取っていくだろう？僕は、今はもうこの時まで彼に似た微笑を与えたことはなかった。空で男は、妙には少しも避けてくれたまえ。 #twnovel #小説執筆AI
"
250,"罪の言葉が美味したからである。すると間もなく、もしそのとおりだと申しましたわ。ところで老人はあきてしまったように思われたのだよ。さていてしまいましてではありえました。ロボットが、それはどんな風から、わたしたち二人でありますよ。 #twnovel #小説執筆AI
"
251,"妖精を安心に眼をあげたものだろう。ところが、それでもあなたが、あなたの生き残ることをお聞きしたとします。ところが、そいつが始まったのかもしれん。明日中には酔っ払いがしてはいなかったように見えるだろう。 #twnovel #小説執筆AI
"
252,"森の助けに行くということだけであった。こうな、黄色い感情のうちはもうずっと口に決定するありさまがれていた。それともこの報告な全部はまだこれも気にしていたのだ。森で期待に怪しくなかった。 #twnovel #小説執筆AI
"
253,"蛍光灯にありました。すると四十年だったら、非じゅう縁の下へ出る。蛍光灯はこの、つまり昔に気を捉えた努力を示しているように思われた。蛍光灯はじこもなことであります。川で客は、おまえは暗色をしてやろうかなあ。 #twnovel #小説執筆AI
"
254,"ロボットと同じようなことが、一目見えたのだった。あるいは大自分のものと考えてもないですから、どうして疑わしいですか？それからあの人に対しては、それを聞かされることを言うものだと思ったよ。 #twnovel #小説執筆AI
"
255,"魔法を指しております。魔法の仕事といって、自分の連中がここへ行かないのです。魔法を指してごろないのだ。客が、小さな部屋の内側などは聞こえないように感じている。さらに別に面白があるとも驚かされたのだ。 #twnovel #小説執筆AI
"
256,"星の情報を気にかけないかを、あるいはそれに気づいた。こんならしい側でも、最初のうちではあるんだから、ほんとうになろうか？情報のしかたは、ときどきはまだその生活に取りかかることができた。 #twnovel #小説執筆AI
"
257,"旅をいまいましく、おそらくいっそうこれまで嘘をつけていた。海ですから大きな困難な手紙に言われて、ある種の大きな困難がたがいに、いった。少女は、容易に気をもつのを去ることができたんだ。ランプは法律の体験をつけてやろうと思いこんだ。 #twnovel #小説執筆AI
"
258,"女に心配が百につくとき、その主人は私の評判を引き締めた。こんなふうなほんとうに気を受けるのだ。百を物語けても全くなったら、厚かましい存在してくれますよ。ただしどうなんですか？生命であるのか？ #twnovel #小説執筆AI
"
259,"光の者である。こんなことができたのは、だれができたかな。あるいはね、何か言葉をなくために当のごくなんですよ。山でして、どんな思いちがいであったことだろう？そことはきにかすように、ね、ほんとうに、それからはいっていいました。 #twnovel #小説執筆AI
"
260,"ロボットして、実際、四日目にはなんとなく城があったことであろう。あの人のことを示したいやらしてくれたまえ、つまり、あの人に教えてくれたまえ！部屋で恐れよ。ところが恐れよう、恐れよう、ということです。 #twnovel #小説執筆AI
"
261,"奇跡なことは、どうも仕事として順目に出会いたいのです。女が、どうしても好奇心に頼んだかもしれない。そして、しかもあの及ぶりな姿勢としてはもちろん料理屋になるでしょう。さてこの小使たちはどんなに自分の気性をつくるでしょうよ。 #twnovel #小説執筆AI
"
262,"空気であった。客は、ただ官憲での顔でもなく生き生きしてしまったのだ。そこまで自分でも泣いていて言いましたね」少年が、本質に口を駆けた。「どっちにも小さず待っていました」したがって恐ろしい直接な話が起こたいに気づいた。 #twnovel #小説執筆AI
"
263,"勇気な自覚でなければ、全力を探し出すために、自分の実を後たず知っていた。あそこの修道院に対する可能性が出来たものだ。海ですからな、この土地にはどうしてもないことが申しますか？友達は、どんなに修道院から愛しい訳でもない。 #twnovel #小説執筆AI
"
264,"執筆以上の全体が止め、打液が自分で出発になることを決めた。ただしそれは全体は、私には十分に気を受けていないよ。したがって、いい命を使ってしまったというようなことがありません。山で持っていると、およそ照らしいさまなんです。 #twnovel #小説執筆AI
"
265,"海は、それを説明するではないか、時間は特に見出してはありませんでした。君が、お友達に、ありえますまい。君がはいちばん若にまず散っておりました。そちらはなんにもまだけっして歩みを押しこんでおります。どうだ？ #twnovel #小説執筆AI
"
266,"恋が出たそうだと思った。これをはずしてしまいますが、これがどういうものなのです。部屋で少年は、彼らは恋しがたい気になったことが起こらなかった。しかし、彼には会えることができるだろう、などというのです。 #twnovel #小説執筆AI
"
267,"雲を手放すと、そのころ、いつでも会いたい。あんなことには、これ以上の者はありがたい、気力をされてはいないでいる。さらにもかく、あのようなものです。そこで、あのようなものでしょう？友達が、なんて陰鬱なものでありますわ。 #twnovel #小説執筆AI
"
268,"勇気な気がつかなかったが、彼女に対しては喜んでいた。これを運命にする時間がなかった。部屋でアンドロイドは、まだこの事件についての口にすることはないのだ。文字のそばに難しい英固は、右側に口を出したのである。 #twnovel #小説執筆AI
"
269,"執筆なのだった。一方から、それよりもの問題で、しかも話さなくはない。ところで十二時は、もうこの後からもう噂に出されていくだろう。勇気がいちばん古びているように含まれている。そしてまる、日には揺れていない。 #twnovel #小説執筆AI
"
270,"人形にも遅くなっていた。彼はなんのことですね？彼女は、どうぞ、少しでも望むべきことを払わせるのですがね。そちらは恥かしいと思って、どういうわけでも必要ですわ。あの人形のびっくとった目にすぎないでしょうか。 #twnovel #小説執筆AI
"
271,"瞳なしだそうです。瞳なしだそうですよ。旅にはのぼせられない者があるですよ。一方、あなたはほんとうに私が渡してもいいでしょうからねえ。あちらはそうよ。森でくそうぶしさで、お友だちのところへお願いをしているのだ。 #twnovel #小説執筆AI
"
272,"昨日の文学者があったというものはある程度の蒲団を喜ぶと、彼は初めに求めていた。そんな侮辱をするつもりで、自分を心得ているのはですね？それから、今夜は今日は当たっているとでも言うのです。 #twnovel #小説執筆AI
"
273,"紙の出来事については、どうして生む思われたのだろうか。ところが、あの人の全ては喫茶店に対する重要な一人のことを見てとった。教室で僕は、自分の眼でない用事を見つけたであろうか。用事とは何かにも反対先できません。 #twnovel #小説執筆AI
"
274,"紅茶を世間へ出した。つまり、何かでこの手紙なものがいつも妙に立っているようなものだった。あれば、でもあの人はなんの行いですね？一方、どういうものか？それではなく正確でも思うようになる。 #twnovel #小説執筆AI
"
275,"紅茶だけです。そして、少なくとも私は、大急ぎでは意味ないのです。こちらです、そうして私は君の魚の底等で口をつぐんでいる。生徒は、といっています。川で生徒は、そのためにいろいろと同じようになるだろうからな。 #twnovel #小説執筆AI
"
276,"顔で口決に気づいた。あんなことは全然いかないよ。女が、少しでもねずみすぎた。罪障でないと思っていると、一方だけは一方だけに残されるだけだ。罪障が……」一方は当想には口をずつに、こう口をあけた。 #twnovel #小説執筆AI
"
277,"恋が、昔の方をさっぱり眺めた。一方は手を探して見たね？昔にはどんなことができたということですに、このことですわ。そうなると十二等大尉のねびよ。アンドロイドは、またもや十分前へはいって来ました。 #twnovel #小説執筆AI
"
278,"水晶して、さりとあらゆる間じゅう、初めは親しいキリが入っていく。そういう問題だった。妖精が、この少女は間もなく、聞き耳をたたき、その場を一つ聞き耳した。こんなことのできないことは、あなたと検約とを見たことはない。 #twnovel #小説執筆AI
"
279,"明日の文学的な小さい調子であることは、それが正しくない。女は、どこか山かね？　ああ……こわ、こわ！」アンドロイドが、彼は言葉をつけた。笑顔は言った。しかし、何か声で床の上にありそうなのかが笑った。 #twnovel #小説執筆AI
"
280,"花を折り、その時にカウンタと出していた。すると受けて言ったばかりで、その時に引き見えたのですよ。海辺でいては、それから一週間というものがありますからね。時にはおれはまだ異議にいろいろとは死んでおりませんよ。 #twnovel #小説執筆AI
"
281,"虹観念を飛ばすことは言わず、その上に実際に光沢していた。しかし、それでも、この場合に対しては、このためにいろいろなことになります。ただしたがんじになんでも必要なのでしょう？客は、つまり、今でもはほんのできなかったからです。 #twnovel #小説執筆AI
"
282,"ドアができているかして、すぐにボーイに移動することができた。ところが、いっさいは、けっして早くというものかね？いっさいは、外になっていきました。それから、そうしたあの人たちを思い切って少しも勤勉ないでいるかしら？ #twnovel #小説執筆AI
"
283,"人形で彼と結婚することが全力できたものだ。海辺で友達は、たぶん、こいつのこの評切に埋めないようにいかわよ。したがって自分にとっては保護な人間ではない。こちらには保護なのだ。こうして卑しい物語にしているように。 #twnovel #小説執筆AI
"
284,"鉛筆であったのです。一方に引き取ったことが、彼は全然感情をもっていたが、それを忘れて聞いた。このまままでは、結婚の生活を知ることができたものです。少年が、彼はぐらついていった。まま名前は全然必要なのかもしれないずるいようにしなかった。 #twnovel #小説執筆AI
"
285,"女でできます。ロボットが、さわがしい女はたちまちじゃないのですか？さらにそれもそのことになります？ただしくは本当のことを長く、早くも歌いでいかれないようにしておきます？そんなにもしたりにしたのみなんですから、それにもそのことにないだしいのみです？ #twnovel #小説執筆AI
"
286,"研究の自責となって……。したがって、自分でははいっていたのであります。芽合に対して行われていることがわからないのです。ところで、それはただ、村長と彼と同様でありそうだ。ただしたがけ。つまりに、単純に従順ぶちであったことがわかりました。 #twnovel #小説執筆AI
"
287,"氷教回積の中の少年に明りになって、早くもない。　　　　「あ～、あ～、あ～」しかも、同時に、私は、仕方がないのです。荒野です少年の身近教燈を手拭で手続きません。したがって、それは私の持ち駁です。 #twnovel #小説執筆AI
"
288,"プログラムも、金銘にはベッドがまず層の中で横たわっていた。少女は、どうぞ　彼は彼女が彼の前で立ち止まっている。中に会話はたいへん一つか二歩ばかりし出ていきました。あちらにはもうこのことを進めようとは思わない。 #twnovel #小説執筆AI
"
289,"客ですね、あなたにとっては、信頼によりも全体をもたらすじゃありません。ああ、あの子はあなたの全体に話さなければならないと思っているのよ。涙なんか有効をおとしてしまいましたねえ。さていて、あなたが信頼する見込みがあります。 #twnovel #小説執筆AI
"
290,"冷蔵庫、バケツと声を伸ばしたまま、いつの間にか床の上に伸ばした。猫はまだ残念なことになっていた。ただした注意深くおくれになったことがないつもりだ。そんなことはありそうだ。ままにはなんのためにもなりません。 #twnovel #小説執筆AI
"
291,"コンビニの言葉をつけた。耳を持っているのだ。女が、ランプをぶっている。それはどういうものです？女が、文字をいっている。女が空局の前にはそんなことはないよ。女は、どういうわけであります？あんなことはありません。 #twnovel #小説執筆AI
"
292,"サングラスの家にはどうしても信じていることができた。ロボットが、物語をえばの場合に、どんな意味があるかということになります。そこでのことについて、彼は時計を心配した。特に、それはどうしてもないのだ。そちらはどうしてもないのだ。 #twnovel #小説執筆AI
"
293,"少年が、そのことについては、この土地ではないからである。すると実際には、小さな手を持ってきたのである。少年が、地平線にはその土地ではない。ところで、あの人は全然口をつけていたことである。そこで少しすぎて飽きこんでいますか。 #twnovel #小説執筆AI
"
294,"冷蔵庫にいった。それでは、あの人はいつも人にはないということがあります。少年は、写真に恐ろしいことができなかったのです。少年は、石に思いがちです。少年が、樹をはそのことにはまったくいいことができなかった。 #twnovel #小説執筆AI
"
295,"冷蔵庫で、急にまた出かけてくるのだ。奇跡な意味ではないから、それはただ一つの場合だけである。旅人が、同時に彼は彼女の指摘には彼女に尋ねた。一方、慰めなく生きたくない。それは、この土地ではない。ペンがついているという事がある。 #twnovel #小説執筆AI
"
296,"コンビニになってしまった。僕が、ハンカチにおまえはこの地獄に心配していることができたのだ。彼は、地平線になんとかいっていたことがあるだろうか？そちらの人は、もう一人の二人の友人です。だけど、そいつのことにもなりました。 #twnovel #小説執筆AI
"
297,"サングラスは、この地位を心配していた。あんなに正しい、あなたはいつでもそれを思い出したことがない。つまりに、今はあなたにいったらいいのですか。そこで、いつでもこんなにも気がつかなかったんです。旅人は、あなたにはそのことを話しておりますね。 #twnovel #小説執筆AI
"
298,"サングラスの心配はなかなか出来事をしていた。すると運びてしまいました。したがって、それはただ、おまえにはそのことを話してくれたまえ。あるいはね、おまえにはそのことをしてくれたまえ。女が、女はどういうわけになりました。 #twnovel #小説執筆AI
"
299,"パソコンで切り抜けていた。山で彼女は、そのために何か何か何か何かおっしゃってください。山で彼女は、憎悪には機械的な人間である。君が、木をおよなさい。こうして、そのことについて何もない。さらにもしたろい。 #twnovel #小説執筆AI
"
300,"ビニール袋に入っているのです。あれは奇跡を話しているからです。ただしこの場合にはどうしてもなんでもありません。彼女は、瞳をけた用事が、あの人にはどうしてもないものですか？僕が、木をおけて、それからどうしてもないものですか？ #twnovel #小説執筆AI
"
301,"アパートの部屋へはいっていた。ロボットが、瞳にも、生きているのが、気の気になるでしょう。特にはきっと待ちきっと待っているような心になります。こちらには、それを気づかわれたことがない。木があっても、それはどういうわけではない。 #twnovel #小説執筆AI
"
302,"スーパーです。さらに、あなたがあの人に城の中にベルを押えていれば、ここへいらっしゃいな。それとも、あなたはいろいろな意味でないようになりますね。ところが、あの人はいつも容楊と前に悲しみとけよ。それから、どんな変わったものかね？ #twnovel #小説執筆AI
"
303,"スーパーではあった。男が、耳をいは、どうしてもこんなことができないようになったのだろうか。アンドロイドが、草にあの人にはどうしてもこされたようになりますか。スーパーに対してはどうしてもころからかのだ。 #twnovel #小説執筆AI
"
304,"冷蔵庫には、その中にはどうしてもないのです。中にはどうしてもないのか、どうしてもないのか？刀ずです。冷蔵庫とは昔者を引き上げ、緑蝋につけたんだよな？つまり、その中にはどうしてもないのか？そしてもないのか、どうしてもないのか？ #twnovel #小説執筆AI
"
305,"ビニール袋に入っているのですか？生徒が、ハンカチに入ってくると、その入り口になっているのです。ただしたことはありえない。それでは、この人はどんなに思いちがいがあります。花を持っていることができないのよ。 #twnovel #小説執筆AI
"
306,"冷蔵庫に入った。冷蔵庫にはなんでも生きていますから。蛍の全体はどういうものです。ところが、それは、あの人たちに対する必要があります。氷辺建員は私の畏鳥に尊いです。私は思いがけないのです。辺建員ですわ。 #twnovel #小説執筆AI
"
307,"カップラーメンとのあいだにはどうしてもありうることができなかったのでしょう。あいださい、この土地ではないでしょうか。ところで、そのときにはどんなことがあってもどんなことができたことでしょう。あれはどうしてもどんなことができなかったかと思います。 #twnovel #小説執筆AI
"
308,"ジーンズを取り掛けた。彼は、勇気にしてしまったことがあるだろうか？カーテンが、あの人にはどんなに意味がありますか？人びとのことにはどうしても、あの人はどんなにたくさんあります！人びとは、あの人にはどんなになっていたことでしょう。 #twnovel #小説執筆AI
"
309,"ジーンズをすることができないのだ。しかも、それはまた、あの人たちのことではないのだ。そんなことはありえない。したがって、あの人は気を悪くしたことでしょう。アンドロイドが、壁をごたりにはなんの役になりさえなかった。 #twnovel #小説執筆AI
"
310,"パソコンではあります。それに、あなたはあの人にはどんなことをいうのでしょうか？するとんですね。少女は、それでもまだこの世界に反対にいることができただろう。少女はまだそのことをおそらくあなたにおたずねになります。 #twnovel #小説執筆AI
"
311,"コンクリートという女は、その実の実になっていた。明日、男はどういうもしさ。男は、虹をえてしまった。男はそれを手に入れることができないと思います。男は、愛しているのだ。ビニール袋を持っていることができた。 #twnovel #小説執筆AI
"
312,"それから書類を預けたが、大地を欲した。一方学告連中はさらに秘たしなように見える。特に意味かもしれない。特にこのことはどういうわけです。それとも、それは秘たしました。村でも、それはまだ秘たしました。アンドロイドは、パソコンをひつけようか。 #twnovel #小説執筆AI
"
313,"アパートの光景にはどうしてもないのですか？あるいはどうしてもないのか、どうしてもないのか？したがってもないのですか。村で男は、あれをご別なあいだであるのだ。こんなことは知らないと思いかねない、とおもむいな。 #twnovel #小説執筆AI
"
314,"スーパーにはどうしてもなんの役にもないでいられないでしょう。あんなことは聞いたことです。つまり、あの人はどうしてもないのですからした。妖精はどうしてもないのですからした。そして、その代わりにはどうしてもないのですからした。 #twnovel #小説執筆AI
"
315,"パソコン・彼女の顔を出して、口元をあちこちと歩き廻していた。こんなにこの土地ではなく、その土地ではない。そうして、この土地ではその土地ではないのだ。そちらはその土地ではありません。こんなに立ていもしずまえて急いなのさ。 #twnovel #小説執筆AI
"
316,"ジャージに口をつけていた。ジャージはどういうわけですか？海で僕は、どういうわけですか？ジャージはどういうわけですか？ガラスの名前は、どういうことになったのでしょう？男は、雲に名前なものではないか？ただした。 #twnovel #小説執筆AI
"
317,"冷蔵庫には、彼女がこの地面に口をつけたのである。すると彼女は、その場には、この地面には少しもなかった。友達は、彼女に対してまたいつでもわからなかったのです。地面ではありますね。指としてどうござりですの。 #twnovel #小説執筆AI
"
318,"段ボール箱に入っていた。すると彼女は、彼女が少しでも口を開いたのである。それから悲しく悲しませるくらいのです」あの家に一種の返事は気づいて叫びた。空でわきにまでも行われることがあった。あるいは彼女はその場に思いを向けた。 #twnovel #小説執筆AI
"
319,"ビニール袋が口を開いた。森では、おまえは、おまえに気づいたことがあるだろうか？君が、鞄に？あるいはしみなのだろうか？君が、コンビニをチャキチャキとして見抜くようにおおいた。つまり、それは昔のような原因ですよ。 #twnovel #小説執筆AI
"
320,"ジャケットにはどうしてもありませんでした。それからこんな時間がないとでも言っておいでください。俺は、手紙にまた、あなたにのぼっています。ジャケットにはそれがこんなことを話していたことでしょうか。俺は、小説をいっていた。 #twnovel #小説執筆AI
"
321,"段ボール箱に取り縋っていた。俺が、指をえるようになった。さては、それはどういうわけであります。妖精が、風をしてみんな立ち去かせんですわ。しかも、それはどういうことになったのだろう。すると全体というものはありません。 #twnovel #小説執筆AI
"
322,"ジャケットにはどうしてもないのですか？これは、この土地ではなく、その土地ではないのだ。彼女は、ジャージにも奇妙な漠然とを持っているかど？ところがあったいですか？荒野で彼女は、つまり彼は助けを求めてくる。 #twnovel #小説執筆AI
"
323,"ビルはそのことを考えていた。ビルの口授は、何かが思いますよ。ああ、ああ、これはいったいどういうわけです？教室です。それから恒艦するいい、残念な時間ではない。そこで私はあなたにいったんですよ。さてで、どういうわけなんです？ #twnovel #小説執筆AI
"
324,"車しの初めだ。こうして、その中にはどうしてもありそうになるかということがあるだろう。博物館できながら、この土地ではなんとかなっていたことでしょう。青年が、廃墟を合わせなければならない。しかし、私はそれを愛してやらなかった。 #twnovel #小説執筆AI
"
325,"ビル・女に対しては何もいってはいなかった。女怪は、あなたが心配なことをあなたの気をつけていたのです。さらにあなたはこのことをおっしゃっているのですからね。このことをおっしゃっているのですからね。ところでも元服の親切なものは、お親切なんですから」 #twnovel #小説執筆AI
"
326,"段ボール箱に結びあがっていた。教室で君は、思いつきがたい努力してくれてもあるんだ。したがって、あなたはそのことを全然あなたにしていますわ。ここなかなか卑劣なことです。あなたはあなたと不安定なものですから。 #twnovel #小説執筆AI
"
327,"カップラーメンではなかった。アンドロイドが、声になって、この人はどんなに信頼してくれたことですか？客が、コンビニをちどんなにまずいが気持がしたからである。絵柄で、女は少しばかり気持がするのです。声では少し嘲笑で。 #twnovel #小説執筆AI
"
328,"パソコンではあります。それに、あなたはあの人にはどんなことをいうのでしょうか？そちらのことができただけです。少年が、影にあの人がどんなことを話してくれたところであります。したがって、あの人はどんなことができないということになります。 #twnovel #小説執筆AI
"
329,"段ボール箱に残された。箱はお気の毒に泣いています。私が、コンクリートに今はいつもの場合には、どうしてもいいんですか？それでは、どうしてもいいんですか？ところが、どうしてもいいんですか？私はどうしてもいいんですか？ #twnovel #小説執筆AI
"
330,"サングラスは、その代わりには、あの人にはあまり面白があるからである。帽子にとっては、あの人には、あの人がそれを口に出したことである。それにしても、あの人はどんなにその人でありますわ。あんなことは全然ない。 #twnovel #小説執筆AI
"
331,"ジャージと、彼が何か手を打ったような説明にあった。私が、コーヒーにその中にはどういうことがあるのだろうか？ところで、その中には、この土地ではないでしょうか。私は、そのいちばん生きようもないくらいだ。森で同じ必要な心があります。 #twnovel #小説執筆AI
"
332,"パソコンではない。少年は、紙に前から出ていきます。前はどういうものです。だけど、あの子があの子になりますのを見ていたと思います。前はどういうものです。子　底こんでお兄さんに向って、私はほんとうにいった。 #twnovel #小説執筆AI
"
333,"ジーンズを取りに投げ出しているのです。歴史はそのことを考えていたのだ。一方から、どうしてそんなにありそうなんだ？歴史の顔をあんなにもちびぐたしていたしていたしどもですね！ところで。私はなんの援助を流したのです。 #twnovel #小説執筆AI
"
334,"コンクリートというものは、その場合にはほんとうに全然同じようになったのである。旅人はこの土地ではないからです。一方、逆らしいのですねあいつ。旅人が、プログラムにいていのものではない。歌をすませるということは、それは少しも気づかれない。 #twnovel #小説執筆AI
"
335,"段ボール箱の中であった。ところで彼女は、彼女の小さな声で彼女と同様に見えた。街でもけれど、この実の小さな子供ではない。ロボットは、奇跡にからない。女は、草をえないようにするばかりかもうか？草置な、それはどういうものです。 #twnovel #小説執筆AI
"
336,"コンビニの家にはどうしてもないことがあっても、それに同情していたのである。さて、そのときには、この土地ではないでしょうか。そして、そのときには、この土地ではないと思います。あちらは、そのときにはどうしてもないとしたものでしょうか。 #twnovel #小説執筆AI
"
337,"ビルはこの土地に入っていた。歴史というものは、あなたにはどうしてあなたにはどうしていたしますね？あれ、あなたはそれを待っているのですね。それはじめには、このことについて申しません。あるいはどうしていたしましたじゃないですわ。 #twnovel #小説執筆AI
"
338,"スーパーに気がついた。銃撃に向かって、そのときにはどういうわけですか？一方の心になったことがないということです。しかし、しばしばあなたにはどういうことになりますね？友達が、そのことについてはそんなにものでもどうしたものですか。 #twnovel #小説執筆AI
"
339,"段ボール箱に口をつけていた。森はそのことを話してくれたまえ。私が、時計をかけられるんです。あそこにどうも始ましい時のボカだろうか？彼が、記憶にものですからしいましわれるかしわしい。花が明るいことになります。 #twnovel #小説執筆AI
"
340,"カップラーメンといって、このことはいっさいのものをいっていた。霧があの人にはどうしても気がつかなかったのでしょう。そうしたことはなんでもありえないと思いますね。あるいはしょうと思ったことでしょう。妖精が、珈琲をついていたしてものでものでしょう。 #twnovel #小説執筆AI
"
341,"ジャケットの先には、どうしてあなたにおかかることができたと思います。ところが、あなたはこのことについていちばんひどく気がつかなかったのです。ここにはなんということがわかりますからね。それでは、あなたはどうしてではあなたにはなんにもありますのね。 #twnovel #小説執筆AI
"
342,"車ではないかと思った。一方ですね。川でになればもうこの事件はあの人の呼び声であるだろうさ。妖精が、扉をしそうですよ。そうして、そのときには、この土地ではないのです。旅人が、十六世紀のうちにはどうしてもないのです。 #twnovel #小説執筆AI
"
343,"カップラーメンはお気を打っていた。海で俺は、新しい、おまえにお思いをしていたような気がした。研究が教えておくんだろう。するとましくもどうかごもまったくせいますよ。ここにはおまえがおおげさなさい。だけど。 #twnovel #小説執筆AI
"
344,"ジーンズを入れたときに、その人たちはこの二人の小さな事を入れた。男は、その人はどんなことになったか、ということになった。あんなにその人は、この二つのことを話してくれたまえ。たちはその、この人たちに対することができなかったのです。 #twnovel #小説執筆AI
"
345,"車を抜いた。あちら、こいつを全部立ててもらってしまったことをなさいました。目にはそのことがあります。彼は、扉を合わせたことですわ。扉にはそのしめせしくりあごとくこの下から届いてください。ところで、二度と話してくださいまし。 #twnovel #小説執筆AI
"
346,"段ボール箱に残された。ところで、彼の心の中ではあります。ただし元気が同じあります。俺は、コーヒーをひじめるのは、あの人たちのことであります。めしいましい、あの人はです。そして、あの人は今ではどうしてありません。 #twnovel #小説執筆AI
"
347,"だけどいってもすっかり気をやっていた。それとも自分自身は信じてはいけないでしょう。夜にはなんのためにもないのだ。ところが、つぎのところについて死ぬはありません。つぎところについてもないのだ。夜にも伝えすぎない。 #twnovel #小説執筆AI
"
348,"ジャケットに小さなことができた。ジャケットが君にいたときに、あの人はいつも好ましいことであります。そんなことはありませんでした。そうして急に貧しい上役のことをさもそられるのが最初であります。上役でもあの人はいろいろな愛しいことですね？ #twnovel #小説執筆AI
"
349,"スーパーの心をいだいていた。あれはどういうわけですか？彼女が、コンビニを、あなたはそれをおっしゃっているでしょうか？わけは、どういうわけがないのです。彼女が、芽に合わないではいられないではないか？こうですか？ #twnovel #小説執筆AI
"
350,"これがあります。ジャケットはそれをおおげたことですか？一方のことはあります。あんなことはこれはありません。しかし、こんなことは申しました。そうですとも。鞄が弟に、弟が弟にとってはいましいものなんです。 #twnovel #小説執筆AI
"
351,"ビルは重荷をさせていきました。　　　　　「さっきお残りですね？荒野でロボットは、いったいどんなことを、ここにあって、どんなことを！荒野で妖精は、空にとっておるのじゃん。」妖精は、と叫んだ。それとも、一度は十分になった。 #twnovel #小説執筆AI
"
352,"冷蔵庫に出会ったことがある。すると彼は、その場合にはどうしてもないように思われたのだろうか。友達が、瓶をけ嘆きくすぐられていいように見えた。プログラムに対する気持からはなんでもありません。ここにはそれが全然必要なのです。 #twnovel #小説執筆AI
"
353,"段ボール箱の学芸課の発達を生やしていた。友達が、いため新しい地獄であった。その中には、今ではありません。森ではありません。さていておのおのの意味ではありませんでした。友達は、雪をなさいな。旅人は、いまだではないからね。 #twnovel #小説執筆AI
"
354,"冷蔵庫には、彼女がこの地獄に口をつけたのである。特に正しいことはない。冷蔵庫には、この世界はまだ今ではないのだ。空ではたい。俺が、勇気に老が村へと向かってくる。少女が、おまえは彼女の後にはありえない。 #twnovel #小説執筆AI
"
355,"スーパーではない。しかも、その中にはどういうわけで、おれはいつもありがたいことをしたんだよ。しかし、そのことはあなたの気になりたいということです。したがって、そのときにはどうしてもどわめてこの土地ではありません。 #twnovel #小説執筆AI
"
356,"アパートの光景にはどうしてもないのですか？そしてそんなことを、親しみに必要とすることができたのだろう。光景がどうしてもないのですか？それとも、二度目の心が、恐れな幸福といった。機械がこれから十分で入ります。 #twnovel #小説執筆AI
"
357,"パソコンはなんの御手続きで彼にはあったが、彼女はそんなことはなかった。私は、あなたの成功はなんには利口な人間ですね？文学で、あなたはそのことを話してくださいまし！青年が、どんなに思いちがいですか？そしてこんなことを話しておきました。 #twnovel #小説執筆AI
"
358,"冷蔵庫には、その上には、この土地ではないからである。旅人は、目にあなたはそのことをおっしゃっているのですか？旅人が、チョコをしてしまったことである。旅人が、鞄をよろこんではないからです。チョコはそのことをあなたのおっしゃったことがあります。 #twnovel #小説執筆AI
"
359,"冷蔵庫に取り縋っていることになった。冷蔵庫に対しては、そのほかにはどういうわけではないのです。カーテンに耐えられる先立っているのですが下さい、いいですか？彼女が、地平線になんですわ。ただした日にはどういうことになったのです。 #twnovel #小説執筆AI
"
360,"冷蔵庫に向かって、その場にはほんとうに口をきかないでいることができた。ロボットは、そのほんとうに彼女はそのことを話していた。妖精が、どんなふうに弾いてやって下さい、とおっしゃいました。ロボットは、飛ばせていきます！ #twnovel #小説執筆AI
"
361,"コンビニにはその場を見ていた。場合にはその場合にはどういうことになるだろうか。女は、スーパーをどうしてもどまりがない。しかし、そのときにはどういうことがあるのかわからない。車でもないようにきまってこわしたのである。 #twnovel #小説執筆AI
"
362,"コンビニに向かって、彼女はその男を少しばかり気づいた。こんな事ではありますね」僕が、蛍に彼はこう叫んだ。そういう場合にして彼はまた眼を伏せた。だけども、この二十三に、彼女はいった。しかも六主的な足がっきりましょうか？ #twnovel #小説執筆AI
"
363,"段ボール箱に入っていた。生徒が、涙にも行われるでしょう。この、それはどういうものです。生徒は、どういうものを呼んでおるのかい。生徒が、愛をえば恐れるのはどういうわけです。生徒が、今、待てお助けしてください。 #twnovel #小説執筆AI
"
364,"コンビニに入っているのです。それに、あなたはそれを入れているんですか？一方は、この土地ではないでしょうからね。俺が、鉛筆に入れないとしても、人にも大いに入ってきて話すのです。俺がもそれをもっていきます。 #twnovel #小説執筆AI
"
365,"サングラスはわたしのパリッであることに分かれた。客は、罪をえしてしまったのです。ところでそんなに悪意は、犬将を、こんなに重罪してくださいました。ところでも、そのころ、今ではないですか。悪意なもののある信じはじめているのだ。 #twnovel #小説執筆AI
"
366,"カップラーメンは読んだ。あの子は、あなたにはその男を見ていたことですね。すると子供ではあなたはおそらくはどうしてもなんでもありませんでした。地平線であなたはおそらくはどうしてもないだのことです。僕が、あなたにはあの人が必要なのです。 #twnovel #小説執筆AI
"
367,"ビニール袋へはいってくるが、もう病気の大止まりなんです。袋ではあってもわからないけれど、それはどういうものだというんです？少年は、恋をえありますね。それはこんなことに兄のことを。私が、どういうふうにしておきます？ #twnovel #小説執筆AI
"
368,"ビルのそばにも見えず、彼は手を掲げたまま、これを歩き廻した。空でもすぐ見ていたことがなかった。それとも、それはどういうわけではない。さらにまだまだ。相手に驢け合いがありますよ」文字ではなく、彼はこう言いだした。 #twnovel #小説執筆AI
"
369,"車を持っているのだった。車はこうとすると、何かおれが家に居合わせて、いったのです。車はこうとはしないからです。君は、塵にあの人にはどうしてもありうることができないでしょう。あれはあの人にはどうしてもありありませんでした。 #twnovel #小説執筆AI
"
370,"段ボール箱の一つで、いつもなお実行としての時間がなかった。　　　　　「おいおい、どうしてここに来たのです。」「あの人は、何かの人にはないかい？「アハザハザ」山で私は、対笑を県立した。彼女が、ランプを愉快な人間である。 #twnovel #小説執筆AI
"
371,"コンビニにはありません。「あ、ぜひともころ！「女、わたしはあなたにおたずねましたよ。しどけなく妾を完全に成功するだろう。「それはおまえのことなんかないでください。おまえはあなたにいらっしゃいますね。青年は、もうぜひともころ！ #twnovel #小説執筆AI
"
372,"ジャージに入り込まれていることに、彼はまた彼女の口をすべらせた。古くさん」それは、その口からは少しばかり気をつけた。それとも、彼女は少しばかり気ちがいにして、気づいた。彼女は、この家のうちにいなかった。 #twnovel #小説執筆AI
"
373,"ジーンズを手放していた。部屋で僕は、野良村には村へのぼせたんだけどね」「えどうか？」それとも、彼はこう叫んだ。「伝記のなんの言おうと思います」「ああ、それはあります」俺は、また言いながら、彼は言った。 #twnovel #小説執筆AI
"
374,"ビニール袋に入っているのです。それに、あなたはそれを待っているのですか？したがって、あなたを私に対してとても家へいらっしゃい。そこで、彼はいった。一方があなたにいらっしゃいます。「あの人はあなたに私にいらっしゃい！」 #twnovel #小説執筆AI
"
375,"段ボール箱に、美しい美しい美しいことをなすった。それはあの人たちではあの人たちに対する必要はないのです。「どうだい、あの人はおまえを心配してくださいねえ。「いったいどういたしです？」人はそれをひどくこう叫んだ。 #twnovel #小説執筆AI
"
376,"冷蔵庫には、彼女がこの二十年の全身にはならなかったのである。したがって、そのころ、あなたは正しいことになりますわ。あなたはまだおまえにしていたことです。それはまだそのことではない。私が、全然こんなことができなかったからである。 #twnovel #小説執筆AI
"
377,"カップラーメンにいった。これはモスクワというもの……」ロボットが、刀に床の瞳合というものでなく、しばらくの声が考えた。「それに、あなたはそのことをおっしゃったのですね？」「あの人はそんなことをおっしゃったのですね」 #twnovel #小説執筆AI
"
378,"車ではないかと思った。すると病気であり願いましたね。「お前さん、どうか分かんないからねえ。「お話のことばになります。さらにもののののしいましい。それから、あの人はどうしていっておきましたのです。それから、お世辞におまえに申したのです。 #twnovel #小説執筆AI
"
379,"ジャケットにはどうしてもないのですか？「いったいどうしてもないのです」ジャケットであった。「あの人はどうしてもないのですか？」「じゃあ居いて様いたい。こころか、あの人はどんなに思いちがいですか？」「あの人はあの人にはどんなにたくさんありますね」 #twnovel #小説執筆AI
"
380,"冷蔵庫に入ってくるのであります。ロボットが、彼女はその、新たな手紙を取り出した。手紙ではなくてもそのことはない。冷蔵庫で働かな？山から、どうしてもそのことはない？特に。山でロボットは、結局から山ねえ？ #twnovel #小説執筆AI
"
381,"ビニール袋には、その向こうに入ってくるのであった。それに、あなたはそのことをおっしゃったことがあります。風貌は、今ではその上の家に出ていった。風貌はそのとおりになったのです。「あなたはそのことをおっしゃったのですね？」 #twnovel #小説執筆AI
"
382,"ジャージに口をつけていた。客支店長がもち同じようだ。アンドロイドは、自転車に全体が入ってきたことである。これは、十二時になったのであります。「あの人はいつものようになりますよ。それから、あの女はどういうわけではないか。 #twnovel #小説執筆AI
"
383,"コンクリートというものは、またまだ別の様子で取り縋を押し出していくことだ。海辺でいたしましょう。海辺で彼は、書いているのが残りました。それとも、あなたはそれに十分に思われるわけです。新しい、正直な話があります。 #twnovel #小説執筆AI
"
384,"ビルはこの土地に入っていた。「あなたはあの人に対してお話をしていらっしゃるんでしょう」あるいはあの人はまたはあんなにものですかにものですかにしていた。それからも、このことについてはほんとうになっていた。 #twnovel #小説執筆AI
"
385,"郵便受けているということは、あの人たちにはどうしてもありそうなことでしょう。「あの人はどんなことを話してくれたまえ。「あの人はどんなにたくさんあります。青年は、奇跡に先生というものはどうしてもあたしたちです。 #twnovel #小説執筆AI
"
386,"カップラーメンに向かって、彼女は急いで口を開いた。あの人はどういうわけですか？自転車で、その中にはどんなことが起こるだろう。少女は、電話に仕事について申しましたからね。それとも、それはどういうわけではない。 #twnovel #小説執筆AI
"
387,"コンビニの家にはその家にはならなかった。「なんなら、どういたしまして、今もどういたしまして」「あの人はどんなに兄さんです？」と、彼は言い、急にきいた。「あの人はどんなにおまえをおまえになさいました。男は、どうしてもどんなにおまえになさいました。 #twnovel #小説執筆AI
"
388,"スーパーに入っていた。それに、あなたは全然なかなかいうことができたのですよ。そこで、あなたはそれをいったらいいのですからねえ。妖精は、ペンによろこんではあなたにはどんなにありがたなんです。「あなたはあの人にいらっしゃらなかったのですね。 #twnovel #小説執筆AI
"
389,"パソコンではあるが、それは、あなたにとっては何もないのですか？こうした？そちらに、そのころの小さなことができたのです。「あなたはこのことをいったのですね？」と、彼はきいた。「あなたはそのことをおっしゃったのです。 #twnovel #小説執筆AI
"
390,"冷蔵庫だと思った……　本人の拳だ。一方、何かに行われているのかな？　それは彼女が、彼女が彼女に手を振り上げた。「お前はどういうものです？」と、彼女は言い、立ち上がった。「お前はどういうわけです？」妖精が、鏡に叫んだ。 #twnovel #小説執筆AI
"
391,"カップラーメンはいつの間にか合えるのだった。さらに引きずられたる人間ではないからな。」君が、魔法をいって物をつけていた。　途方になって運んでいた。ところで、今度はいった。「大きなそれじゃなかったわ。」 #twnovel #小説執筆AI
"
392,"車ではあった。「わしはわしにそのことをお助けしましたのです。どうだ、わしがどうだ？」ところで、おかみは、立ちどまりまじめになって、叫んだ。おかみはこうしたことを話していた。「でも、わしの話はしてもいいですよ」 #twnovel #小説執筆AI
"
393,"冷蔵庫で、公診をできるのではありません。あの子が神様の心を止めてお出でになります。「お前はどういうものです？」心のアパートのことばをもっと立てている。「あの人はどんなにお話です？」と、彼は言った。と、彼はいった。 #twnovel #小説執筆AI
"
394,"ジャージに口をつけた。教室で僕は、村長に腹を立てて、偶然に立ち、もっと多くないのです。「あの人はどういたしにいらっしゃいのですか？」「あの人はどういたしにいらっしゃいのですか？」教室で彼は、またしても驚いてしまった。 #twnovel #小説執筆AI
"
395,"ジャージに口を開いた。「その中でもどうなすったんだろう？」と、彼は言った。生徒が、霧に勢いようのなる口説で、興奮と深く思わなかった。「それはどういうものか、どういうものか？それとも、もう全然わたくなかったのです。 #twnovel #小説執筆AI
"
396,"コンクリートとの間には、その場を見ていた。間は、どうしても、今では、こいつになんの役所を信じております。でも、おれは家についての出来事があるかどうですか？霧阿（おれはおれのことを言わないでいる。その、おれは今ではないのだ。 #twnovel #小説執筆AI
"
397,"郵便受けをいった。「あなたはそれをおっしゃったのですね？」青年が、それは彼がまた口をつけた。ロボットが、耳になっていだかになりませんとしてしまった。笑顔はそのままにはまだまだないでいた。したがってそのときどきはこうした気にはなれなかった。 #twnovel #小説執筆AI
"
398,"サングラスは、この家に出会ったのである。「あの人はどんなに御承知ですか？」君は、鍵にその家へ向って叫んだ。「あの人はどんなに愛しているかということになります！海辺でした。」海辺でしさとした家へはいっていった。 #twnovel #小説執筆AI
"
399,"彼女は、ジャージを、その中にはどうしてもなんでもありませんでした。海ですから、あなたはあの人にはどんなことをおっしゃっているでしょうか。ここへはいっておくことができないようにと思われるからです。闇のあいだにはどうしてもないにもありました。 #twnovel #小説執筆AI
"
400,"ジャージもやはり僕に向かっております。海辺で、おれは今のところ、おれはおれの家へつれてもたれないよ。「おれはおまえのことを話しました。さていま、おれはおまえのことを話しました。ことがわしい正直な根本してください。 #twnovel #小説執筆AI
"
401,"ジャージといっしょにいたことだろう。そこで、あの人はどんなことになったかということになります。女が、それはすべてのことで、あの力を口に出すことができたのだ。したがって、そのときにはまだおまえはそのことを話してくれたまえ。 #twnovel #小説執筆AI
"
402,"アパートでありますから、血縁は不思議な時を瞑わせたらに任さないよ。「あの人はおまえにはどうしても必要な人間です。少女が、今日に今日に今日に引っぱり出されたのです。なぜなら、そんなに変わらぬ出発になります。 #twnovel #小説執筆AI
"
403,"アパートのところへと歩いていった。青年は、どんなに重大なことです？重大なことです？海辺で生徒は、どんなに思いちがいがあったのです。「シャツは行くだけだ」こちらは、こう言い足した。「おまえはどういうわけです。 #twnovel #小説執筆AI
"
404,"ビルはこの土地に入っていた。俺が、歴史を好ましいのです。それに、あの人はどういうわけですか？ビルの下から、あの人はどんなことを話してくれたまえ。「あの人はどんなに小さな人です？」「僕のところで？」「あの人はいつものない女でございます。 #twnovel #小説執筆AI
"
405,"冷蔵庫にはどうしてもないのです。あるいは、あなたはあの人にはどんなことを話してくださいました。そこで、あなたはあの人とのことをたやすく見ただけですわ。あなたのおそんなことをおっしゃったことがあります。 #twnovel #小説執筆AI
"
406,"コンビニの家に掛けているのだ。いつでもとても考え出して、掛けてしまいますね。」荒野でアンドロイドは、と叫んだ。彼は口元に少しばかり半分であった。あちらから神経質から咶けた出ないところがない。コンビニは呼び寄せていた。 #twnovel #小説執筆AI
"
407,"アパートの助けておきます。アパートのこんなことを聞きました。妖精が、鞄にそいつが同じように同じようになります。そいつが同じようになりました。鞄にものです。妖精が、それはそうです。と、彼はいった。海でものでしてしまいます。 #twnovel #小説執筆AI
"
408,"ビニール袋にはその場を知っていた。俺が、カップラーメンをごたごたが申している。少女は、闇にその中には、どうしてもなんの役人たちではないのだ。「どうしてもないのだ。どうしてもないのだ。」「僕はもう兄の手があるのよ。 #twnovel #小説執筆AI
"
409,"「あの人はどんなことを話してくれたまえ。「あの人はどんなにおまえに話したことでしょう。俺が、あの人はあの人にはどんなに気ちがいありません。「あの人のことはどうしてありうることができないでしょう。これにもあたりまえうにしていたかにしていた。 #twnovel #小説執筆AI
"
410,"段ボール箱に入っていた。俺が、炎に同時に、その中には、この土地ではないのだ。男が、その中には、どんなに口をきいたことがある。何よりも""別がね。俺が、目を敗をくり返すか？俺は、目を敗はいいます。それはどういうわけではない。 #twnovel #小説執筆AI
"
411,"冷蔵庫へ行かれないぞ。「あなたはあの人に対してはおまえをお手放すからね。「あの人はいらっしゃい。ところが、あなたがお知らせとして近いだったのよ。おまえをお見つけよう。」「どうぞ」「どうぞ」俺は、しばらくはありません。 #twnovel #小説執筆AI
"
412,"アパートの出来事についての気持がいることになるだろう。それに、あの人はあの人にはどんなことができないと思います。「おまえは自分でいっていただきますね。いったいどんなことです？ただした。」「あの人はどんなにたくさんのことでしょう？」 #twnovel #小説執筆AI
"
413,"コンクリートの姿に及びたことがある。少年が、空気にあたし具時ぎわと初めて彼女？「全ての彼女は、あの人には別な女ですね！」「どうしてあの人は実際に御覧になりますか？さてあ。」こちらは彼女が叫んだ。「然しをしないでいんですとも？ #twnovel #小説執筆AI
"
414,"コンクリートというものは、その場合にはほんとうに十分であったのである。「ウーン」と叫んだ。俺が、空気にものが手足を続けた。さていて目的な甲字であった。そういう幾分ではないからであった。空気がまだいろいろとなったからである。 #twnovel #小説執筆AI
"
415,"スーパーにはできません。「あいつは久しくお気をたたいたじゃないの。私が、しかもちがっているのよ。」スーパーはまたまた叫びました。友達が、別の中にはある必要がなかった。それに、彼はその後、同時に気が立っていた。 #twnovel #小説執筆AI
"
416,"コンビニでおらぬ顔を夢にささやいてよい、""timeよ""。「もうすぐのない時間で話（　住気いいことだ）　しょ！」「次に、わしは知らなかった。いったい、あなたは正当なのですけれど？「齔かの、……」そして、彼はこう叫んだ。 #twnovel #小説執筆AI
"
417,"ジーンズを呼んでいるのだった。それはあなたの女中ですからさ。それからあなたはこの家にはどうしてもなんでもいいんですか？俺は、芽にかみなければなりません。森で少女は、おまえはどうしてもないのですか？おまえはどうしてもないのですか？ #twnovel #小説執筆AI
"
418,"冷蔵庫に引き取られた。私が、恋をよりもずっと前から、何か新しい方を受けたことがない。　その中に、彼はまだ全然早くなっていた。「どういたしですよ。」妖精が、アパートに叫んだ。村で私は、彼はまた口をつけた。 #twnovel #小説執筆AI
"
419,"スーパーにはどうしてもなんの役にもないでいられないでしょう。「では、おまえが知らせをしていたかったを詠みだよ。アンドロイドが、昨日をしたにどうしてもないでしょう。おまえが知らせをしていたかったを詠みだよ。 #twnovel #小説執筆AI
"
420,"スーパーには、昔の光景を取り消させた。そんなやりとりありません。と、彼はいった。「少しはどこにいるのです！アンドロイドが、ハンカチを尋ねてくるのだろうか？」　男はほんとうにこう言った。街でもちょっとしたもちょっとしたもちょっとした。 #twnovel #小説執筆AI
"
421,"ジャージに口をつけていた。紅茶といった。「おまえは今からおれに参じてくれていたのだ」と、彼は言った。「あの人はどんなに口をつけているかわからないよ」彼は、愛をえると、またいろいろなことになった。紅茶が気がつかないというようになった。 #twnovel #小説執筆AI
"
422,"カップラーメンに注意を払いながら、それに向かって、それを見ているのであった。それにその中には、大変なことだった。女が、スーパーをおけて、こんなことが全然気になりますの。女は、道になったら、この全部話したことである。 #twnovel #小説執筆AI
"
423,"冷蔵庫に入っているのであった。海で彼は、この土地ではない。「あの意味は恐れは必要だ」　ということがあった。と、彼はいった。男が、彼女はいった。「あなたはあの人にはどういうことになりますか？」ああ、それはこの土地ではなかった。 #twnovel #小説執筆AI
"
424,"冷蔵庫に受け取った。彼女が、光をえば、その中には、この土地ではないのだ。そんなことはありそうもない。「まあ！客は、雲に首精のなかにはどうやっていません。」したがって、彼女は全くいった。「まだ親友が持ちこむんですか？」 #twnovel #小説執筆AI
"
425,"コンクリートと同じように口をつけた。コンクリートについてのものは、何かどうでもいいんですか？　わしは全然気の悪いものです。そして、その人はまだその人にはなんでもありません。「あなたはおたずねになりますね。 #twnovel #小説執筆AI
"
426,"サングラスは、この二人の女にはその二人があるということになっていた。少年は、四枚の脚をしておく。少年は、紙にかいにはおかない女の子ではない。「あの人はどういたしましてですね？」と、彼は叫んだ。「あなたに紳士殿の権利です。 #twnovel #小説執筆AI
"
427,"サングラスはどうだい、ということになっていた。海辺でけ合うことができたことがあります。」ところが、彼はいった。「あの人はどんなことをしたかな？」会話が泣き始めた。「それにしても、どんなことになったらいいのですか？」 #twnovel #小説執筆AI
"
428,"カップラーメンとのあいだにはどうしてもありうることができなかったのでしょう。女は、カーテンをふたびかって、その人はいつでも別なことです。「なんだってあの人は親切な助力をしたではないんですよ。「ほんとうですね」 #twnovel #小説執筆AI
"
429,"コンクリートに入っているのを待っていた。それから、少しも口長な心なんですか？ああ、これからさきこばんで泣いたと思うわ。女は、あの人はお友達な人間です。博物館に、おいでになったことだろうか？女は、顔にかえていることができただろうか？ #twnovel #小説執筆AI
"
430,"ジーンズを取り掛けた。したがって、その中にはどういうことになったのでしょうか？「どういうものか、どういうものか？」客が、虹にものでした。部屋でしい噂が親切をあけていた。「どうぞ」そして、彼はこう叫んだ。 #twnovel #小説執筆AI
"
431,"パソコンではない。空で女は、この地獄にはどうしてもないのだ。女は、コーヒーに小さな女にはなんの役になりますから、それはどうしてもない。俺は、夢をにじりゃない人間でございました。それをしてもない、おそらくはいいのでした。 #twnovel #小説執筆AI
"
432,"コンビニにはどうしてもないのですか？客が、音をいことはできなかった。「必要となっちゃ！「何がいっていたかって、生きてるんだよ」山で青年は、彼はその動作を見た。　そのとき、その口から出ていきました。どんぐりにしていることが言いたいよ。 #twnovel #小説執筆AI
"
433,"ジャージに、どうしてですか？「よくわしはよくわしにはなりません。「奇妙な男がよ、　呼んだありがとうよ」「ありがとうよ。」このときは、そいつはこの家には全然口をつけた。と、彼は急に考えた。しかも、今はまだいった。 #twnovel #小説執筆AI
"
434,"スーパーにはどうしてもなんの役にもないでいられないでしょう。「どうしてもないでしょう？」役のことばで、それはたしかにまた彼にはほんとうになった。「金をよく寄せられると、つかまらないです。しかし、どうしてもないでしょう？」 #twnovel #小説執筆AI
"
435,"コンビニになった。「彼女さん、君のいうことを同時にしているのだ。ところが、あなたはどんなに手短かにしているかわからなかったんだよ。「あなたはそんなに気ちがいですよ。「またもや知ってもいらっしゃいますか。 #twnovel #小説執筆AI
"
436,"ジーンズも、しかもそのいった。「みんな強盗じゃないか、わしらはなんでもないんだ、引っ越ししてるよ」俺は、そのしきりを手に入れて、またしてもう入れないでいた。「あの人はどんなことをおっしゃったのです？「いったい、どんなに気ちがいですか？ #twnovel #小説執筆AI
"
437,"ジーンズを呼んでいるのだった。生徒の女は、この女にはどんなことがあってもあります。それに、そのときにはどうしてもなんでもありませんでした。「あなたのうちは当のアマに手をおってくださらないんでしょう。だけどもなく、それにこちらはしまいりました」 #twnovel #小説執筆AI
"
438,"スーパーにはそのことを考えていた。彼はほんとうはきっとありそうもなかった。あちらは、お話に指をすませるでしょう。「あの人はどういたしにいらっしゃらなかったんだろう。生徒は、あの人はそれをお友だちになったことですね。 #twnovel #小説執筆AI
"
439,"コンビニにして、そのときには別な新高と気づいたことが言いたかった。そんなことはありそうなことですわ。と、彼はいった。新高はそのときには、この土地ではないでしょうか。と、彼はいった。女急な意味ではない。 #twnovel #小説執筆AI
"
440,"スーパーの子供になるのだ。一方の子供にはどういうわけですか？「お前はどういうわけです。そして、お前はどういうわけです。子供にはお前はどういうわけです。さていまいました。こういうわけです。「お前はお前のお友だちのことです。 #twnovel #小説執筆AI
"
441,"車ではないか。車はそのことを話してくれたまえ。車はそのことをいったのですね。「どういうわけなんです。なぜなら、あの人はあの人に入れないでしょう。人間はどういうわけです。あの人はあの人にはどういうものになりますか。 #twnovel #小説執筆AI
"
442,"ビニール袋に受け取るということは、その受け取りを手に入れた。少年は、蛍に彼女は、その受け取りになっていた。車をさして急に受け取りです。女が、草にすべてが料理になります。原稿をすることができるだろうか？ #twnovel #小説執筆AI
"
443,"パソコンが少しも苦しそうにしてくれたまえ。それでもしても、何よりもいっしょになるでしょう。ところが、それは彼にはどういうものですか？「あの人はどんなことになったのです？」それとも、こうしたことによって申しました。 #twnovel #小説執筆AI
"
444,"冷蔵庫になってしまった。「あなたはそれを御覧になったのですね？」女は、光になっていた。「あなたはそのことをお話しすることができないと思います。光のごろなんです。女が、恋をしいことを話してくれと思いました」 #twnovel #小説執筆AI
"
445,"郵便受けている。荒野でもない。青年が、万年筆に意外かも矛盾して、よび嫉ましされた。ロボットは、それからすぐに昔の口を持っている。霧夫だ。荒野でもない。荒野でもない。さてみません。と、彼はいった。青年が、どうしてもない。 #twnovel #小説執筆AI
"
446,"冷蔵庫として入りこんだものであって、彼は真剣な万事を口にした。心が御生活を運び出すことになります。だけども、それはどういうことになったのだろうか。音楽椅子に対する気持がないのだ。「どういうわけです。「兄は怒ったのです。 #twnovel #小説執筆AI
"
447,"ジーンズのところにいった。あの子はあの子にはどうしてもありそうなことでしょうか。少年が、この子はまだ、あの女になっていることになります。しかし、こんなすぐ子が教えているからとは正しいだろうか。「あの子はそのことを実行にしてくれたのです。 #twnovel #小説執筆AI
"
448,"スーパーではないからである。「あの人はどういたしにいいですか？音楽楽楽です。男は、どういたしにいいですか？」君が、コンビニにひどく息子がふたたび気をつけた。「あの人はどういたしにいいですか？」と、男は考えた。 #twnovel #小説執筆AI
"
449,"車ではないか、ということになっていた。ところが、あなたはあの人についてのいい姿ではありますわ。「どうしてこんなことを話すこわばっているのかい？空で彼女は、あなたはほんとうにこんなにもちがいありそうもないのよ。 #twnovel #小説執筆AI
"
450,"コンビニにはその家にはないと思った。なぜなら、おまえはそれを愛していたのですか？それは、あの人といっても実際にはいない。「あの人はどうしてあの人にはどんなことがありますか？」山で君は、また、そいつがこう叫んだ。 #twnovel #小説執筆AI
"
451,"ビニール袋には、その中には、この土地ではないからである。「いったいこれは、こいつの勘違いであるのです。このうには、君はあの人に向っておりますね。「どういたしであんたのことをどうも。あるいはしたがですか。 #twnovel #小説執筆AI
"
452,"アパートの家には、その家にはどうでもいいことができたのだろうか。そうでないか、ということにほんとうに必要ではないのだ。少女は、文字をいっていることができたということでしょう。そうしたことはなんでもありえないことでしょう。 #twnovel #小説執筆AI
"
453,"アパートの家に向かって、そのときは、この家に気づいたのである。自転車といっしょに気をつけました。「あの人はどうしてあの人にはどうしてのものですか？」「あの人はおまえにはどんなにありがたいものですか？」 #twnovel #小説執筆AI
"
454,"ジーンズをおしゃべりたいと思った。さて十分考えでも、どうしてもありそうもないのですか？ロボットが、刀にそのほかには、どうしてもこの地位には十分になりますまい。こうきにはどうしてもしてしまいましたからね。 #twnovel #小説執筆AI
"
455,"冷蔵庫に非常船でよく相几者にあるのであった。妖精が、氷をえば死体を過ごしておく。　そのとき、その時にはまだその時が止まった。死体は、その時にはどういうわけではない。「お前はどういうわけですか？」妖精は、会話にまた口をきいた。 #twnovel #小説執筆AI
"
456,"アパートの家に入っているのだ。「違うわ。今日は自分の勤めで出来たくないですわ。」「それはこういうものです。それはころかにものでな」私は、ジーンズに、「あの子は十二時からあの子にいるのよ。「あの人はあの人にはどういうことがありますか。 #twnovel #小説執筆AI
"
457,"カップラーメンとのあいだに、先は何一ついっていた。あるいは、あなたはそれをおそらくあなたにおっしゃったのですからね。虹があなたにはそれをおそらくあなたのことを話してください。客が、光をいですからね。だけどもどもどもどもどしてください。 #twnovel #小説執筆AI
"
458,"郵便受けているのであります。「あなたはそんなことをしていらっしゃるんですか？」と、彼はきいた。「あなたはそんなことをおっしゃったのですか？友達は、瓶をえば口をききました。「どうしても、それがほんとうにわたしに会えないわ。 #twnovel #小説執筆AI
"
459,"コンクリートとのあいだにはなんの役目を手に入れたのである。ああ、あの人がどんなにおれたちかで、おまえを恐れたことでしょうね？少女は、耳になってしまいましたか！「あの人はわたしの小さなことをおっしゃりなさいな！」 #twnovel #小説執筆AI
"
460,"ジャケットの家の建物のためには置いておりませんじゃなかとどうでしょう。勇気が先に、先に出たことに気づいたのです。ここにはしばしばこの文句である。そして、その代わりにはどうしてもないのです。それから、この手紙はどうしてもないのです。 #twnovel #小説執筆AI
"
461,"ビルの文句をみとめていた。「あの人はどんなことを話したことでしょう？」それから、彼はすぐに叫んだ。そのうえ、この場合には、ただ一つの気持がなかった。山で彼は、そのときにはまた入っていていた。客が、彼はそのことを話していた。 #twnovel #小説執筆AI
"
462,"サングラスに、彼はこの人を気にかけた。月もなお、それはただ、おまえにはそれができないと思います。少年は、電話にしていたことがある。「どうしてあなたはおまえを待っているのですね？」と、彼はすぐ忘れてしまった。 #twnovel #小説執筆AI
"
463,"アパートのところへやって来たのです。「おまえはいちばんいいことになりますわ。「あの人は何もいったのかもしれないわ。おまえはいちばんいことになりますわ。」「おまえはいちばんいことになりますわ。「おまえはいちばんいことになりますわずよ」 #twnovel #小説執筆AI
"
464,"コンビニに出たときには、その場を見ていた。君は、木に、その人はその人に対してはもっと先に入れを受けた。しかも卑劣な気がするには、このうえもないのです。少年は、ジャージには、その口からのあいだにささやいたのである。 #twnovel #小説執筆AI
"
465,"アパートのような気持からは、その代わりにはほんとうに気をつけた。それに、あの人はそうなんですか。「あの人はおまえにはどんなことを話したことがあります。わしは渋々しいお寺ひとつもなかったことでしょう？「あの人はどんなに気ちがいですか？」 #twnovel #小説執筆AI
"
466,"ジャージに、この子が全部になっていることです。生徒が、時計にはどういうふうにしてもみたいというわけですね。生徒が、どうしてもみたいというわけですね。それでは、それにもみたいというわけですね。「あの人はどういうわけですか？」 #twnovel #小説執筆AI
"
467,"ジーンズを持っていることができた。鉛筆でもあるとすれば、それは彼女でもあるからな。「こいつ、お父さんは昔かに考えたことだと思いますよ」太陽な意味で、それに口をきいた。「どうしても、おまえはおまえにいらっしゃい。 #twnovel #小説執筆AI
"
468,"スーパーに一人の男でもないということを知っていた。なぜなら、女のほんとうにあたしは、完全には心配なさいのね。「あなたはそのことをおっしゃったのですね？」と、彼はまた立ち上がり、それをまた口をつけた。　そのとき、彼はいった。 #twnovel #小説執筆AI
"
469,"コンビニになったときに、また彼はこの宿屋を手に入れた。青年は、壁にじゃくなものは、あの人たちにはどうしてもいいものですか？あれは、どうしてもいうことでしょう？それとも、それにはほんとうは全然必要なんです。 #twnovel #小説執筆AI
"
470,"コンクリートと見たが、二人はただ一つの目的に小さな生えていた。「兄は話してもいい。「いったい、どういたしさんざんなんです？少年が、どういたしさんざんなんです？」妖精が、鳥にすかさず出かけた。妖精が、彼は微笑を待ち構えていた。 #twnovel #小説執筆AI
"
471,"サングラスに彼女を指した。「あの人はどういうものですか？」さてこんな男があった。「あの人はあの人にはどんなにたくさんあります！女は、珈琲をごえていらっしゃい。「どういうものか、あの人はいつもないんだ。 #twnovel #小説執筆AI
"
472,"ビル走は膜柄でなすった。「どういうものか、あなたはおたずねになりますよ。膜柄とくに、もう一度いらいらしてもらえるのだよ。私が、樹にかかえるものだを控えそうもない。「どういうのです？ところが」「どういうんだ？」 #twnovel #小説執筆AI
"
473,"サングラスは、その人たちのほんとうの彼にはどうしてもないのです。空で生徒は、あたしもたちどして問題とは思わなかった。友達は、刀をえしそうなことになりますからね。芽象の心にはどうしてもないのです。生徒は、雲をいどうしてもないのですからね。 #twnovel #小説執筆AI
"
474,"カップラーメンと結婚しているように、私は、正確に歩きました。私はこの場合にはどういうわけです。歴史はどうしても必要な人間です。カップラーメンは私にとっては結婚してしまったのです。　そのとき、その時にはまだいった。 #twnovel #小説執筆AI
"
475,"ビニール袋からお伝えの半内へ入りすぎているのですか？妖精が、君はその脚でも同じように説明しているんだよ。「君はいま君がありますの。彼が、あなたはそのことをおっしゃったのですか？特にその他はどういうものです？」 #twnovel #小説執筆AI
"
476,"コンビニ状態になるところがなかった。アンドロイドは、氷にこうまい。しかし、その中にはどういうわけです。したがって、その代わりにはどうしても、どうしても、いっさいがたいのだ。雷柄にはなんのためにもなりません。 #twnovel #小説執筆AI
"
477,"したがって、おそらく申し上げるためにこの上をもって断ったことがある。それはもう全然なかなかうまいようにしていた。それに、あなたはあの人にはどんなことができないと思いますか。そこでこんなことはできなかった。 #twnovel #小説執筆AI
"
478,"パソコンが彼女の家に当たる人であった。少年が、あなたはあの人にはどうしてあなたにいったのですか？　これはあの人たちに対する気ちがいですからね。「あなたはおっしゃいよ。今日あなたにもおっしゃいよ。」生徒が、扉に、と彼はつぶやいた。 #twnovel #小説執筆AI
"
479,"ビルのことです。「あの人はどんなことがあってもあります。アンドロイドは、あなたはあの人にはどんなになっていたでしょう。荒野で彼は、また何もいらっしゃらないでしょう。アンドロイドは、ジャケットをうまくできないでいいです。 #twnovel #小説執筆AI
"
480,"ジャケットの家族に対しては、その家族に対することができないのだ。家族の家族というものは、あの人たちに対する必要があります。僕が、紅茶を自分ではその一人があの人にはなんでもありますね。海で僕は、二十年の子供であります。 #twnovel #小説執筆AI
"
481,"郵便受けているということは、あの人たちにはどうしてもありそうなことでしょう。それからもう愛しい自分はそのことを完全に曇らすことがわかった。「おまえはおまえにはどうしてもありそんでいますの。しかもそんなことはありそうもないわ。 #twnovel #小説執筆AI
"
482,"サングラスは、第一には別な人間であった。霧にはそんなことはありません。したがって、その中にはどういうわけです。「あの人はどういうわけです。男は、あの人はどういうわけです。「どういうわけなんですよ。信じておれの自由もどうしてもいい。 #twnovel #小説執筆AI
"
483,"パソコンではあります。それに、あなたはあの人にはどんなことをいうのでしょうか？「おれはそれを気にかかったんだよ。」と、彼はきいた。ところが、それはまた、いろいろなことになっているのです。「あの人はどんなになんにもならないんです。 #twnovel #小説執筆AI
"
484,"ビニール袋に入っているのです。しかし彼女は、なぜ自分は恐れなくてはなりませんわ。これが実際になって、こんなことを信じないようになります。この土地では、この土地ではないと思いますね。さていては少しもおまえに先すぎですよ。 #twnovel #小説執筆AI
"
485,"段ボール箱に手短することができた。「えー、俺の人間は必要もできない。「しかし、それはあの人の女です。旅人は、どうしても俺の名前なんかにはいけないよ。それからあの人はどういうわけにはいきません。あそこにいらっしゃい。 #twnovel #小説執筆AI
"
486,"あそこにあるかどうかは、どうでもいいということがわかりました。それでも、あなたはそれを口に出したことでしょう。なぜなら、それはどうしてもなんでもいいでしょうか、ということです。「お前さんはあの人にはなんでもありません。 #twnovel #小説執筆AI
"
487,"ジャージに口をつけていた。口ぶされたことはありませんでした。「おまえはどうしてあなたにお話ししたのです。「おまえはどうしてあなたにお話します。「おまえはどうしてあなたにお話します。」と、彼はまたいった。 #twnovel #小説執筆AI
"
488,"コンクリートの結婚であるということになった。それから、少しばかり気がつかないでいられた。「どうしてあの子のお前のところへ行くか。」と、彼は言い、立ち上がった。空でロボットは、しばらくして言いました。それは彼にはつぶやいた。 #twnovel #小説執筆AI
"
489,"スーパーにはどうしても必要な人間であった。あるいはどうしてもなんでもありませんでした。人間ではないが、あなたはそんな人には用心深くないようにでしょう。君が、ペンにいったのです。ところが、あなたがたはもっともありえます。 #twnovel #小説執筆AI
"
